symbol,year,window_days,threshold_of_margin,price_move_required_pct,entry_bars,breach_bars,breach_fraction,episodes
BTCUSDT,2020,1,0.5,15.32,2196,20,0.00911,8
BTCUSDT,2021,1,0.5,15.32,2190,27,0.01233,11
BTCUSDT,2022,1,0.5,15.32,2190,5,0.00228,2
BTCUSDT,2023,1,0.5,15.32,2190,7,0.0032,2
BTCUSDT,2024,1,0.5,15.32,2196,0,0.0,0
BTCUSDT,2025,1,0.5,15.32,2190,0,0.0,0
BTCUSDT,2026,1,0.5,15.32,1559,0,0.0,0
BTCUSDT,full_window,1,0.5,15.32,14711,59,0.00401,23
BTCUSDT,2020,1,0.75,22.98,2196,2,0.00091,2
BTCUSDT,2021,1,0.75,22.98,2190,7,0.0032,2
BTCUSDT,2022,1,0.75,22.98,2190,0,0.0,0
BTCUSDT,2023,1,0.75,22.98,2190,0,0.0,0
BTCUSDT,2024,1,0.75,22.98,2196,0,0.0,0
BTCUSDT,2025,1,0.75,22.98,2190,0,0.0,0
BTCUSDT,2026,1,0.75,22.98,1559,0,0.0,0
BTCUSDT,full_window,1,0.75,22.98,14711,9,0.00061,4
BTCUSDT,2020,1,1.0,30.64,2196,0,0.0,0
BTCUSDT,2021,1,1.0,30.64,2190,6,0.00274,1
BTCUSDT,2022,1,1.0,30.64,2190,0,0.0,0
BTCUSDT,2023,1,1.0,30.64,2190,0,0.0,0
BTCUSDT,2024,1,1.0,30.64,2196,0,0.0,0
BTCUSDT,2025,1,1.0,30.64,2190,0,0.0,0
BTCUSDT,2026,1,1.0,30.64,1559,0,0.0,0
BTCUSDT,full_window,1,1.0,30.64,14711,6,0.00041,1
BTCUSDT,2020,3,0.5,15.32,2196,118,0.05373,15
BTCUSDT,2021,3,0.5,15.32,2190,137,0.06256,17
BTCUSDT,2022,3,0.5,15.32,2190,27,0.01233,9
BTCUSDT,2023,3,0.5,15.32,2190,60,0.0274,5
BTCUSDT,2024,3,0.5,15.32,2196,22,0.01002,3
BTCUSDT,2025,3,0.5,15.32,2190,3,0.00137,1
BTCUSDT,2026,3,0.5,15.32,1559,11,0.00706,1
BTCUSDT,full_window,3,0.5,15.32,14711,378,0.0257,51
BTCUSDT,2020,3,0.75,22.98,2196,31,0.01412,5
BTCUSDT,2021,3,0.75,22.98,2190,43,0.01963,6
BTCUSDT,2022,3,0.75,22.98,2190,0,0.0,0
BTCUSDT,2023,3,0.75,22.98,2190,14,0.00639,2
BTCUSDT,2024,3,0.75,22.98,2196,5,0.00228,1
BTCUSDT,2025,3,0.75,22.98,2190,0,0.0,0
BTCUSDT,2026,3,0.75,22.98,1559,5,0.00321,1
BTCUSDT,full_window,3,0.75,22.98,14711,98,0.00666,15
BTCUSDT,2020,3,1.0,30.64,2196,4,0.00182,1
BTCUSDT,2021,3,1.0,30.64,2190,21,0.00959,2
BTCUSDT,2022,3,1.0,30.64,2190,0,0.0,0
BTCUSDT,2023,3,1.0,30.64,2190,2,0.00091,1
BTCUSDT,2024,3,1.0,30.64,2196,0,0.0,0
BTCUSDT,2025,3,1.0,30.64,2190,0,0.0,0
BTCUSDT,2026,3,1.0,30.64,1559,0,0.0,0
BTCUSDT,full_window,3,1.0,30.64,14711,27,0.00184,4
BTCUSDT,2020,7,0.5,15.32,2196,417,0.18989,18
BTCUSDT,2021,7,0.5,15.32,2190,398,0.18174,21
BTCUSDT,2022,7,0.5,15.32,2190,149,0.06804,9
BTCUSDT,2023,7,0.5,15.32,2190,213,0.09726,7
BTCUSDT,2024,7,0.5,15.32,2196,139,0.0633,9
BTCUSDT,2025,7,0.5,15.32,2190,10,0.00457,2
BTCUSDT,2026,7,0.5,15.32,1559,41,0.0263,2
BTCUSDT,full_window,7,0.5,15.32,14711,1367,0.09292,68
BTCUSDT,2020,7,0.75,22.98,2196,169,0.07696,7
BTCUSDT,2021,7,0.75,22.98,2190,158,0.07215,12
BTCUSDT,2022,7,0.75,22.98,2190,14,0.00639,3
BTCUSDT,2023,7,0.75,22.98,2190,77,0.03516,4
BTCUSDT,2024,7,0.75,22.98,2196,50,0.02277,2
BTCUSDT,2025,7,0.75,22.98,2190,0,0.0,0
BTCUSDT,2026,7,0.75,22.98,1559,31,0.01988,1
BTCUSDT,full_window,7,0.75,22.98,14711,499,0.03392,29
BTCUSDT,2020,7,1.0,30.64,2196,37,0.01685,4
BTCUSDT,2021,7,1.0,30.64,2190,89,0.04064,4
BTCUSDT,2022,7,1.0,30.64,2190,0,0.0,0
BTCUSDT,2023,7,1.0,30.64,2190,17,0.00776,1
BTCUSDT,2024,7,1.0,30.64,2196,4,0.00182,1
BTCUSDT,2025,7,1.0,30.64,2190,0,0.0,0
BTCUSDT,2026,7,1.0,30.64,1559,0,0.0,0
BTCUSDT,full_window,7,1.0,30.64,14711,147,0.00999,10
ETHUSDT,2020,1,0.5,16.74,2196,25,0.01138,8
ETHUSDT,2021,1,0.5,16.74,2190,27,0.01233,12
ETHUSDT,2022,1,0.5,16.74,2190,14,0.00639,6
ETHUSDT,2023,1,0.5,16.74,2190,2,0.00091,2
ETHUSDT,2024,1,0.5,16.74,2196,5,0.00228,1
ETHUSDT,2025,1,0.5,16.74,2190,8,0.00365,3
ETHUSDT,2026,1,0.5,16.74,1559,4,0.00257,1
ETHUSDT,full_window,1,0.5,16.74,14711,85,0.00578,33
ETHUSDT,2020,1,0.75,25.11,2196,6,0.00273,1
ETHUSDT,2021,1,0.75,25.11,2190,11,0.00502,3
ETHUSDT,2022,1,0.75,25.11,2190,0,0.0,0
ETHUSDT,2023,1,0.75,25.11,2190,0,0.0,0
ETHUSDT,2024,1,0.75,25.11,2196,0,0.0,0
ETHUSDT,2025,1,0.75,25.11,2190,1,0.00046,1
ETHUSDT,2026,1,0.75,25.11,1559,0,0.0,0
ETHUSDT,full_window,1,0.75,25.11,14711,18,0.00122,5
ETHUSDT,2020,1,1.0,33.48,2196,6,0.00273,1
ETHUSDT,2021,1,1.0,33.48,2190,3,0.00137,2
ETHUSDT,2022,1,1.0,33.48,2190,0,0.0,0
ETHUSDT,2023,1,1.0,33.48,2190,0,0.0,0
ETHUSDT,2024,1,1.0,33.48,2196,0,0.0,0
ETHUSDT,2025,1,1.0,33.48,2190,0,0.0,0
ETHUSDT,2026,1,1.0,33.48,1559,0,0.0,0
ETHUSDT,full_window,1,1.0,33.48,14711,9,0.00061,3
ETHUSDT,2020,3,0.5,16.74,2196,215,0.09791,22
ETHUSDT,2021,3,0.5,16.74,2190,230,0.10502,28
ETHUSDT,2022,3,0.5,16.74,2190,86,0.03927,13
ETHUSDT,2023,3,0.5,16.74,2190,27,0.01233,3
ETHUSDT,2024,3,0.5,16.74,2196,37,0.01685,4
ETHUSDT,2025,3,0.5,16.74,2190,55,0.02511,10
ETHUSDT,2026,3,0.5,16.74,1559,22,0.01411,3
ETHUSDT,full_window,3,0.5,16.74,14711,672,0.04568,83
ETHUSDT,2020,3,0.75,25.11,2196,47,0.0214,6
ETHUSDT,2021,3,0.75,25.11,2190,43,0.01963,8
ETHUSDT,2022,3,0.75,25.11,2190,19,0.00868,3
ETHUSDT,2023,3,0.75,25.11,2190,0,0.0,0
ETHUSDT,2024,3,0.75,25.11,2196,5,0.00228,1
ETHUSDT,2025,3,0.75,25.11,2190,15,0.00685,1
ETHUSDT,2026,3,0.75,25.11,1559,9,0.00577,1
ETHUSDT,full_window,3,0.75,25.11,14711,138,0.00938,20
ETHUSDT,2020,3,1.0,33.48,2196,21,0.00956,3
ETHUSDT,2021,3,1.0,33.48,2190,21,0.00959,1
ETHUSDT,2022,3,1.0,33.48,2190,4,0.00183,1
ETHUSDT,2023,3,1.0,33.48,2190,0,0.0,0
ETHUSDT,2024,3,1.0,33.48,2196,0,0.0,0
ETHUSDT,2025,3,1.0,33.48,2190,12,0.00548,1
ETHUSDT,2026,3,1.0,33.48,1559,0,0.0,0
ETHUSDT,full_window,3,1.0,33.48,14711,58,0.00394,6
ETHUSDT,2020,7,0.5,16.74,2196,679,0.3092,27
ETHUSDT,2021,7,0.5,16.74,2190,625,0.28539,25
ETHUSDT,2022,7,0.5,16.74,2190,262,0.11963,15
ETHUSDT,2023,7,0.5,16.74,2190,91,0.04155,6
ETHUSDT,2024,7,0.5,16.74,2196,189,0.08607,10
ETHUSDT,2025,7,0.5,16.74,2190,196,0.0895,12
ETHUSDT,2026,7,0.5,16.74,1559,59,0.03784,5
ETHUSDT,full_window,7,0.5,16.74,14711,2101,0.14282,100
ETHUSDT,2020,7,0.75,25.11,2196,305,0.13889,17
ETHUSDT,2021,7,0.75,25.11,2190,263,0.12009,16
ETHUSDT,2022,7,0.75,25.11,2190,57,0.02603,6
ETHUSDT,2023,7,0.75,25.11,2190,28,0.01279,2
ETHUSDT,2024,7,0.75,25.11,2196,66,0.03005,2
ETHUSDT,2025,7,0.75,25.11,2190,74,0.03379,3
ETHUSDT,2026,7,0.75,25.11,1559,34,0.02181,1
ETHUSDT,full_window,7,0.75,25.11,14711,827,0.05622,47
ETHUSDT,2020,7,1.0,33.48,2196,106,0.04827,8
ETHUSDT,2021,7,1.0,33.48,2190,68,0.03105,7
ETHUSDT,2022,7,1.0,33.48,2190,30,0.0137,2
ETHUSDT,2023,7,1.0,33.48,2190,0,0.0,0
ETHUSDT,2024,7,1.0,33.48,2196,15,0.00683,2
ETHUSDT,2025,7,1.0,33.48,2190,38,0.01735,1
ETHUSDT,2026,7,1.0,33.48,1559,20,0.01283,1
ETHUSDT,full_window,7,1.0,33.48,14711,277,0.01883,21
