file,sha256,lines
kl_BTCUSDT_4h_2020-01.csv,2863ad58c53130250778dcee4e15115b799d9358516eb2ff340fc2692fee35cc,186
kl_BTCUSDT_4h_2020-02.csv,f0afaec125d778066ba5b7ff109366ecf205e8866924615b5525b1f3d51e58f7,174
kl_BTCUSDT_4h_2020-03.csv,bd35551673f60a0bdb55cd7dae956c00b50441dce5a3724a00b0e12145cf7577,186
kl_BTCUSDT_4h_2020-04.csv,83315c335bdfe69e2114eb6b044dc47893da2ce38d5714a90e49e54e0f109a65,180
kl_BTCUSDT_4h_2020-05.csv,95aa578e2cde68c56aef0827802c13445ddd0cf6870fea4f07e03bd4a488d1bf,186
kl_BTCUSDT_4h_2020-06.csv,dedfe81511607d98ea73889889949dc99353052c9d815dd2fd9dbb714eacd1d9,180
kl_BTCUSDT_4h_2020-07.csv,0ccd7019029859d0835200f193c1b69ca2c29b56fc4dc28722d6228a3d06c81a,186
kl_BTCUSDT_4h_2020-08.csv,f32610004de9608cdfa70a2ebdafed28e99a6899cbacc6eb01614d20f3c46f1d,186
kl_BTCUSDT_4h_2020-09.csv,f4647b97360cb1423d614717aa9b7252ec82b16add803f568003ea6dbb8b4614,180
kl_BTCUSDT_4h_2020-10.csv,570d29ce683e4c9665cc9ff4218d631456b649059e029a4ec1089d881d120679,186
kl_BTCUSDT_4h_2020-11.csv,67c3bc2c2fbfe39592b3547560a093a1a572b2b0427bddbb31004eb5689fa82b,180
kl_BTCUSDT_4h_2020-12.csv,6234f2b69529d9034be2662eedffbf8f9c0e18331fe059ba18fe3a52b6a3c192,186
kl_BTCUSDT_4h_2021-01.csv,76f6ad5f3cfe6b8a9a2767cdf9335fedb8cae331cd4175dc0ca3593dbffa856a,186
kl_BTCUSDT_4h_2021-02.csv,2736054621c50997838dd1b540531ea10a0db6a1592ef5251344a6146219dccb,168
kl_BTCUSDT_4h_2021-03.csv,e806255048aac00bd7774d0f3c1ca7fd149d246a0d5156fa55e21f017c4bcda3,186
kl_BTCUSDT_4h_2021-04.csv,8b3738fc7abbba6b38340a07dc761a59497c8818c249ed57d06ef662f9212dce,180
kl_BTCUSDT_4h_2021-05.csv,e9735af18b6be17a8ec4b96b0233435d50fe12da19a13e8c82b8704d118e1884,186
kl_BTCUSDT_4h_2021-06.csv,f9d045aea1aebfd3c83e784ead68f45644874cc3b7d236c757464f96d7dde094,180
kl_BTCUSDT_4h_2021-07.csv,4fb2002eeec1cbc99c79e6377b48d657a9f140efb3b45885660db62140c716a7,186
kl_BTCUSDT_4h_2021-08.csv,5e2b9b2417f7ebe82a4160a2e640c708995cce39eff864111172f34a0945bf2b,186
kl_BTCUSDT_4h_2021-09.csv,1cb97ff899b15cbfcf9e8f46eb693b8c50b3810da74f3870caf4c3ed2934999d,180
kl_BTCUSDT_4h_2021-10.csv,11687c540bc6656a9f15533182cbd3246e3d914454f8b1d5c8430778dddc2a11,186
kl_BTCUSDT_4h_2021-11.csv,a8058fcce53139af4c64c8e6131cd18c46b0a99537c0e6eac5187b16868ba49e,180
kl_BTCUSDT_4h_2021-12.csv,0ca3be993602b69946db6ca26509ca1f1eea404ed2f58655dc3e517f51a8af37,186
kl_BTCUSDT_4h_2022-01.csv,06e8a8f4f59c91cebf057b4254da6dd94aa4f78e77ea63ee8a5fa2a152f4bb16,187
kl_BTCUSDT_4h_2022-02.csv,38bdb8f21d3c5f83207b98c51dca5277d19d1f48383bd1fe226bec8f650c46e1,169
kl_BTCUSDT_4h_2022-03.csv,dd206f3f92b88db006905ad069dc628a86fc7eaf2a0800ee299699ac282e9d5b,187
kl_BTCUSDT_4h_2022-04.csv,5b37497e938b99c9c9383c3fb73dc37d27b9438143d04f5fb49a5c3ab8eadbf7,181
kl_BTCUSDT_4h_2022-05.csv,869631ba38e60612188e7a9fc60f6259dde21fc7d933c0a5068631977417ea71,187
kl_BTCUSDT_4h_2022-06.csv,62b12d5d6d1d99da537fb0c3b3e81ff94683670ef9a042fc916104728f2ce2c9,181
kl_BTCUSDT_4h_2022-07.csv,f03a71c95bfc1b2402e47cd394e97a01b7532c5c6bf745035dd47129857bd0f3,187
kl_BTCUSDT_4h_2022-08.csv,40a0174ecbdbb48c9f11d971272f20b7f730a1f129dd8760a3b1c2517273b252,187
kl_BTCUSDT_4h_2022-09.csv,30ad19f659894091d119c0cc43b82b3b2a664e1b607853fbcc609642569a273b,181
kl_BTCUSDT_4h_2022-10.csv,f2848f912790183f6c1b128bad43cadb7443a2bc8092451e178cb79f291b644d,187
kl_BTCUSDT_4h_2022-11.csv,c8992375cd62f3854341f65696f590dd08679506a9e8806eb08b52d642fdfe25,181
kl_BTCUSDT_4h_2022-12.csv,740e6cb8fbc5a0104a3e9a21ca7caa758a1102af427859db19fc3f62a24103a2,187
kl_BTCUSDT_4h_2023-01.csv,271280231af2540cff0480fb1e65b70fe5f4f0bc881b99daecbac0e9a6325995,187
kl_BTCUSDT_4h_2023-02.csv,7a0561ac0f21e45abf4f411d017be1350de4691699da9c425e218f9e47fc391f,169
kl_BTCUSDT_4h_2023-03.csv,4ad84b73ea4bc707ade66b5641df2aaf74cc3dc3b5d1380d2df766ecd44c65ae,187
kl_BTCUSDT_4h_2023-04.csv,fd9fd41bbd33edea1d75d0e0eb89d57a1bd527229534b6a44775693ce05156c9,181
kl_BTCUSDT_4h_2023-05.csv,bf995ddf8634c84a92d5f8b3c048f3044bb0e93802b0c43bfd309397b9f7ea7c,187
kl_BTCUSDT_4h_2023-06.csv,ea283b35a871923b2bf52b2ca939a569e29a966a5f70ea7dc9e7279ecb1268c3,181
kl_BTCUSDT_4h_2023-07.csv,2ec6c3d4a96ac1cd3a969bf926006341cbe42acc5e688bb552682b5bbb074dcb,187
kl_BTCUSDT_4h_2023-08.csv,de313beaf39960180d1047256c1a8d73f32ecc40b9e7b2cffe752da1ca2eea8d,187
kl_BTCUSDT_4h_2023-09.csv,8671f65dd26eb141086a1cc087966f33847b5cb12113daf60694672794d147a4,181
kl_BTCUSDT_4h_2023-10.csv,ab78d89f7a68f7034e6557e4a1d78558cbf6ed25e8dc8cdea650587ae9a011fe,187
kl_BTCUSDT_4h_2023-11.csv,aa6d5f4da186484979b48d55c804aa23502994dff56fc1b9f973544c5bf779a7,181
kl_BTCUSDT_4h_2023-12.csv,f54fccf6c1bd5cde83060a25da63c51f936378c7d7908dbd694e82e1b792aea7,187
kl_BTCUSDT_4h_2024-01.csv,86b4199e1cb5c299e3b40e8e1d289c64c6cded69adbd0b46141184448f687a1e,187
kl_BTCUSDT_4h_2024-02.csv,83984e9856e2f4aa72ad3fdf680b827afd7a11775d84a1319879c4acd60094de,175
kl_BTCUSDT_4h_2024-03.csv,ee0a5438684f9a60f10fe37861f3f24d91c3d7e7184a9609397344a1e3fd7ee2,187
kl_BTCUSDT_4h_2024-04.csv,3eca80769a3da8ce962f99c00f81222ea98301a371dc96df5c822810c70a2645,181
kl_BTCUSDT_4h_2024-05.csv,b0fdca45a1a12ca6812998a4598400454ea1f7a2cfdf4c5aa97c9253f3a2cb66,187
kl_BTCUSDT_4h_2024-06.csv,1475e18916beafa82a1ab45fea26c2c7b2d8facb9643d8734a862c7138377092,181
kl_BTCUSDT_4h_2024-07.csv,956c7423d9279cb520ff8a977700ffc7fe63bfc2da81afa7012677b17fe8d1c5,187
kl_BTCUSDT_4h_2024-08.csv,9b06e10e67b4de156f1e52bc95b4b2a456e3a857c5e2ba97e40ab31f428595ef,187
kl_BTCUSDT_4h_2024-09.csv,51f688886b84b931792cb84ef7a21bb5ffcf9a0fc28a4150a40ae659440dc999,181
kl_BTCUSDT_4h_2024-10.csv,4410bb28b262688f3d9f9a7905754c273199ac7cafae647b8828cb5f70f917ab,187
kl_BTCUSDT_4h_2024-11.csv,cca2b9051ae8a8fb45b3ed7962b5ff70222cedb57dad67998f0eba46aa84a0da,181
kl_BTCUSDT_4h_2024-12.csv,dc22f159d9d4ed52152e1690ec903b61f945c5321efd55fd2598beae7d564dcc,187
kl_BTCUSDT_4h_2025-01.csv,a881b31b7968dd0fe0eebae8cb92d3879bf49e68e4cb91235bb24575d756cffc,187
kl_BTCUSDT_4h_2025-02.csv,3f71e6fdaeb9c77ec288f6f240eb2317e4685151ca708df1d26df0a3ebdf14da,169
kl_BTCUSDT_4h_2025-03.csv,67817bda79a28f92236831af7dfdfc2859402538acdb96d9880a87611ee45cbf,187
kl_BTCUSDT_4h_2025-04.csv,25c24c3a6f61ea466b87ba0813d4c59f90ccff1a4bb95d51782d4bce6d2bb255,181
kl_BTCUSDT_4h_2025-05.csv,43a792aac2c4628b3dc6c0659e930be660d1b996f69d0d5cc7a4dbba50094cb3,187
kl_BTCUSDT_4h_2025-06.csv,ba127beeedb9009402a00f691a74d664df969df58ede9f84b2a12b91a17371f0,181
kl_BTCUSDT_4h_2025-07.csv,5d0c8b3c742813173f0f961a2d60073cf9a6f1840a1e05398c5619e468c0faa0,187
kl_BTCUSDT_4h_2025-08.csv,91f43685695ca9161b1c00412ca20829df108d2aadc1452c52f7aa72eb8e769d,187
kl_BTCUSDT_4h_2025-09.csv,a8ade3ddc9b06fe8d9987e5baddbce1dc31c7fb86f44777531a8b479f8fab779,181
kl_BTCUSDT_4h_2025-10.csv,195fb2d2cc91da6a4df068f3f83796a545f83a3792e8a6913978bdd2f255817a,187
kl_BTCUSDT_4h_2025-11.csv,b939e4aad98670bb9a7b801b4fce595b4a06095df64e5b210d79672b36839166,181
kl_BTCUSDT_4h_2025-12.csv,5233cb66d0509f2c2d2f73d22d4772cd406b992fdd5c12c5498d1cd31ae0a853,187
kl_BTCUSDT_4h_2026-01.csv,e2c41e6192b099adee52b6c05210239415cfb2fa4be7e02d1cc19279df2f78ac,187
kl_BTCUSDT_4h_2026-02.csv,0e0051101546ce12326da9053b289f619a16bf3bd720bf57791bb37968334cb1,169
kl_BTCUSDT_4h_2026-03.csv,90f84bdb4f94e8814606e5a140592308a87278ed37250823aca1b6a93bd25543,187
kl_BTCUSDT_4h_2026-04.csv,3ac145845b9ca8ec0451d6cca739631bc62c4ee5f84bda0a1eb9ce9e22587082,181
kl_BTCUSDT_4h_2026-05.csv,284f4bfdb0c822418649337dd9a6ae154d25f1c31f80a0c47c0554f84ec580a7,187
kl_BTCUSDT_4h_2026-06.csv,016dee5dcc520a2b6acb9303d79033acd221a89bb14782f1b4050585c3f921e1,181
kl_BTCUSDT_4h_2026-07.csv,df9cf955e5d657ea0599a7766e7a1b0db590cff68ef1bb2aa624b2c263e3cfa1,187
kl_BTCUSDT_4h_2026-08.csv,d62028676896bf9c6d2595a1bfa2da7d8296787c007872fff177611b15a3a3b0,187
kl_BTCUSDT_4h_2026-09-01.csv,4dcfe6be7839dfaed6040c24028ad3dd69dd86afbbbc07c0603a441e42f94050,7
kl_BTCUSDT_4h_2026-09-02.csv,e378365bded6f432b078e3a1ab6a3943adb98da1d6a486d860c20d7a0c5582f3,7
kl_BTCUSDT_4h_2026-09-03.csv,f183ed58d8eb3242467fbb7563d624e39e8a808b3b8153d435e6f574e4949dbb,7
kl_BTCUSDT_4h_2026-09-04.csv,6451a1a3fb4fbf47eb650fc4988bfd712aef2416b665fb988b0e81de18f0bc39,7
kl_BTCUSDT_4h_2026-09-05.csv,88ce3c84605380810d2d3673008b6b3535f8e836557c7b1bbc4ce950182c53f2,7
kl_BTCUSDT_4h_2026-09-06.csv,2d40ab21a4d61bc7750be91740b7955f0c0042f7d55116610de4500c51844376,7
kl_BTCUSDT_4h_2026-09-07.csv,499bf4354c0085b1d593b0be810c0aff76b6ed3eb8008e2017bed70a49e19595,7
kl_BTCUSDT_4h_2026-09-08.csv,2888a67800ee18dff5f3ef8306667b146efe30e67fba2bd1c8ea196ad8069d83,7
kl_BTCUSDT_4h_2026-09-09.csv,c0f9afed77af71307f2e46f68328fab4209519763db6981e33035e1b73cc5012,7
kl_BTCUSDT_4h_2026-09-10.csv,5fa3f3eec3d8336f25a127d63ccb6997ec5698a49ce9461c65ca2a202f5736cd,7
kl_BTCUSDT_4h_2026-09-11.csv,d1a12592292a607ef486e53b25d5ea871b8a63448bc1845000a60e17c454e498,7
kl_BTCUSDT_4h_2026-09-12.csv,7c31faef9b62edf73323a0d3df8e8d609d96f7f4b633b9491efa46e30027b3aa,7
kl_BTCUSDT_4h_2026-09-13.csv,6b5c602e9e91aafe47d7728f146493d5f0e03f43df75313d07c5e4f2c9516ee9,7
kl_BTCUSDT_4h_2026-09-14.csv,2f17fef671edb535b56aab6c54b4bdb7c6691feb9ce3fa22bb27b890999d5f7a,7
kl_BTCUSDT_4h_2026-09-15.csv,802bc42135de38146f2676df9eb2361635ab8004fd701ddb855d5e48ae53f648,7
kl_BTCUSDT_4h_2026-09-16.csv,76e2a6b7492e9f0fa54366c353075f131d3b2bf31807005c51c0ad4535f53f92,7
kl_BTCUSDT_4h_2026-09-17.csv,ba4cace70d800a5e11fe8fe08b11e6d0b5adbf68ffde8a78bd011372c7cf0f10,7
fund_BTCUSDT_2020-01.csv,7cba73f6e0af9a06502555d15fded675e22317c21f39b77ca5ddb1392b8b0cd1,94
fund_BTCUSDT_2020-02.csv,29a5a5055e7451650721fd328de84b133791a60542cf9ac39bd7ef666e270135,88
fund_BTCUSDT_2020-03.csv,b90b81cf519d6ccdc9d21a05c8bc9849b8bde7fa26a4dbd16bd47195bef61e35,94
fund_BTCUSDT_2020-04.csv,6ff451e3020dda711f0010c08f2def9b932e73153ad46ebea4039df7d991929e,91
fund_BTCUSDT_2020-05.csv,f5d8383344bd3cc48914545541a22a0fe8c956bdd34a6eb009c0cf1bfb278773,94
fund_BTCUSDT_2020-06.csv,8e6d74b13e03737bfcbddb10065ce393e3b0cbf352de71bc420e318d6490f5ec,91
fund_BTCUSDT_2020-07.csv,3dc3057052a7fbee24885a4817f52fd0bd286763633773cf9ada05cff1f3fde5,94
fund_BTCUSDT_2020-08.csv,f1873dd64a9495f0313f0c6c13a008712d0545893894306a3b6631325b90a654,94
fund_BTCUSDT_2020-09.csv,1bcad9abe458595995dc79b2827eb45678606b48a944278afac773d9feed3433,91
fund_BTCUSDT_2020-10.csv,56917655d0d73e0394bdc7e02d05d27ac92268bfeb404d0b5ccafdf086386bcc,94
fund_BTCUSDT_2020-11.csv,44651c061b54a215f59cec340e455eb44220c98257f007ff8d9770589f4b03e7,91
fund_BTCUSDT_2020-12.csv,4fce99bbf8b3cbeedb1012ac173b07fb60d172d1a1c3980eb6675b727cdd972d,94
fund_BTCUSDT_2021-01.csv,e4c1fb9d08c60e81dd40532fc9ceec103d42c4228659be43efbc0a5e45c94baf,94
fund_BTCUSDT_2021-02.csv,707df4801a998619945c97fddc0d4f38cef4e964e91d95ce1fcde50a0fbb089e,85
fund_BTCUSDT_2021-03.csv,79137dd8bfae07e89da89fd403f67f0b5c63f9b2c693fa80ff2466047c7f6567,94
fund_BTCUSDT_2021-04.csv,6386434f32eec69e732677516b3c58f73aed622d115a1cffff1d0e7c3bc7a523,91
fund_BTCUSDT_2021-05.csv,954f3decaac296732753476f943134cfab1dd27c212536b34318664887bf9f65,94
fund_BTCUSDT_2021-06.csv,eaea5279ff752d42a3dc6d488589c5ac5306efe6ed578949fcbf6f5feb736ada,91
fund_BTCUSDT_2021-07.csv,36921849948f65314b08bc7649a8ca3ce0c15fe5127a75858c6e66a3b939929b,94
fund_BTCUSDT_2021-08.csv,bfd38254a8c1c5bf525e0d9ff5807581ded38c9fd330cd5355b3868cf64e3ebe,94
fund_BTCUSDT_2021-09.csv,236ba22a29a543b35dc7f00aebedd2957e2e17836adf654d7a02622a6ab32256,91
fund_BTCUSDT_2021-10.csv,799209460bbe07b6c34d86c3ab381987897f9b9d778459086dc3e7dd5d88cea0,94
fund_BTCUSDT_2021-11.csv,dd2f8f88a0058e9047f5f47c5fd6e013130344dbe5544f067b6b29ce454fbbae,91
fund_BTCUSDT_2021-12.csv,32e8e777c9ac88ad0e7f1bc55b7b2ed154c747b4cb4e00916cb1d04b6b678845,94
fund_BTCUSDT_2022-01.csv,73931d6fba2ce0da49b9bfeb731ddef32cd2a19d5e9d501c7b075d87884d4b68,94
fund_BTCUSDT_2022-02.csv,251e3ba0b4f6083c11955dad639b818415bb1eef9c4ab8f7c9a7a76e5d4eebc1,85
fund_BTCUSDT_2022-03.csv,0509697fa4e9e56be14cf06ac6dbc38dabf855d24b8c1cd54bbccf01ff5ee38d,94
fund_BTCUSDT_2022-04.csv,c71c8bbc0fb107a301dd77c28c8e5243aa847080389e4bac778171ca7817a254,91
fund_BTCUSDT_2022-05.csv,2e4a6cda00c3d8b395eec5119753fc521c40e8e2c94d1aa156b67e46bcf7e479,94
fund_BTCUSDT_2022-06.csv,231eec8444f6bf33c4ab4b034c777168812f861f27ce021498baeb1e23da8482,91
fund_BTCUSDT_2022-07.csv,4470afc91e52b153f9137f5499ee96a65804a8c0420718f9a1457b751dfe9d7a,94
fund_BTCUSDT_2022-08.csv,d3f471ba0df7a9d10d352d54e86cc39f9b60a5c6bb7ec9728ade9ba5fb87f98f,94
fund_BTCUSDT_2022-09.csv,e785f3a0f71510774382bb640cda2285413d13af680760987a6c84f50c73b6a0,91
fund_BTCUSDT_2022-10.csv,0aecd52518e9adbe9adfeb69dcc1c90e2017500038277dd3563bfed9fb04c128,94
fund_BTCUSDT_2022-11.csv,54b589793e18f18a64268b9c92f9c11ce88e37baed0a5a59b10de1ab915f9ed3,91
fund_BTCUSDT_2022-12.csv,0986aa1ec352ccf072b08d0055e94a688185f0df360dc9f81987a7790388b00c,94
fund_BTCUSDT_2023-01.csv,cc464f553630199b80be0f11700bfe2dd8d19ef6296bb7bd53e14d22d915c583,94
fund_BTCUSDT_2023-02.csv,2344d6246fdd1ee8133c9938719f8ad9985dcd955896a7b56d55a1e6b78da1d5,85
fund_BTCUSDT_2023-03.csv,5a8ad2732049d7def5ea20d6a269ac6726c3e7b3fc5e10f5600c3dd60a95e657,94
fund_BTCUSDT_2023-04.csv,9957c5a9141fe4f8f7e7f06897588bdb10e68e89e31f1639cac61c93fbfdaec2,91
fund_BTCUSDT_2023-05.csv,aafcffdc832e8cfebed59041c75a5d01d3c74883164d91922dd7511e2d3990c3,94
fund_BTCUSDT_2023-06.csv,ae3039386ba84a3d0a83157faf2a20f907279881009226dde6d6dfa0acf27181,91
fund_BTCUSDT_2023-07.csv,ce17c59cbcd340fa0a8200f417ce46c92760da9c8f9e8d0f307ca0c7a2b82ed8,94
fund_BTCUSDT_2023-08.csv,a76b126efd6b858094347c94f540b51df4180162a1b6e601be8ee26421ef804c,94
fund_BTCUSDT_2023-09.csv,122c61ca198baf9ee0a2645f30b05aba800931f983ffaf00ca5bd56a52bd811a,91
fund_BTCUSDT_2023-10.csv,f68baff56c47f30e5e5a25c33708033c62e35f91bf48af0a9db7d643750286a4,94
fund_BTCUSDT_2023-11.csv,a36baa68c9c2ea210b3f1f94c71ac71602e64193589c3ae3b79260137953330f,91
fund_BTCUSDT_2023-12.csv,7433c4367e24b712cdc98660a6b4f5e8479717c0e11f972d3ad38fda5b28e993,94
fund_BTCUSDT_2024-01.csv,3a50ea02d9c505281a6eceaeefdebce67d5fdf590c46ed2af7a31cc7f5c744ff,94
fund_BTCUSDT_2024-02.csv,cdf8b0f6709573e383405d98abda98b18bb6d8a9d2a00a8a1a7daa0b20b514b3,88
fund_BTCUSDT_2024-03.csv,597fbabd70651edda8aeab5c16a2404eb1b6fda811052a6a6fbf4c7b9d2db1f5,94
fund_BTCUSDT_2024-04.csv,9b43ae889858f86a6f75fa9c172e686f0380e6df8e0bdc6f9fcee6ab1ab75bd7,91
fund_BTCUSDT_2024-05.csv,17e15f5e9cb0a600a2ee8ce42823344ea2bc45988189c202d73becf63a2b2518,94
fund_BTCUSDT_2024-06.csv,be894d83c4f60a03d15a85593d14c6fe3ac0bb016c8b374b4bc4f85988ef8132,91
fund_BTCUSDT_2024-07.csv,53ff83ca18efb95a4777589306f8fa6b840a6659d5151be03f7eaf912ca881ed,94
fund_BTCUSDT_2024-08.csv,03c97ad77bc8200a83b1678f90bb3d898d6326d4f61f2d67b174e384cfc197b3,94
fund_BTCUSDT_2024-09.csv,241410ea1b5cd0e6be655af91f2233773ba038319de82ef74c5c6733565bb43a,91
fund_BTCUSDT_2024-10.csv,a66b69478e36ee9e5b7dd1e2e8009a11eb93dc5b19e3b2d08a9e8b976a629861,94
fund_BTCUSDT_2024-11.csv,54407292da5d70403959af3a213303792cdb0f6d9aaf3bdd2786621dbe1e25ef,91
fund_BTCUSDT_2024-12.csv,d4c2c2fda4e901b5d524fd86ec2681dcb391cdea05582237720094cec983dad6,94
fund_BTCUSDT_2025-01.csv,7b08644aa2ebba560c142aeea8168bd84c305776c6ad36bd29b24c96dd2c7878,94
fund_BTCUSDT_2025-02.csv,2b9cd5cf21edfef3b939c562d93ef80d601103bb199ceb9ea3402a554c36319e,85
fund_BTCUSDT_2025-03.csv,85615d02cad0ecfdaf0622a63249eec7d160d4ffdc67278ed275b87191faba39,94
fund_BTCUSDT_2025-04.csv,736ecb95b09d444ebf6205956c88191faabfd7364a6d9edbeb4f76eadd12bc12,91
fund_BTCUSDT_2025-05.csv,9bdaa7d56e8f5d859d21c90e4f8c62fe3adfbcc828530471a54de2755ccab66d,94
fund_BTCUSDT_2025-06.csv,e9d32d18c4b769a1152de96efc9442b7b94396a015355867190b1112dc9a1838,91
fund_BTCUSDT_2025-07.csv,215905c03dc21a630aafcb8e74d6c86daedf104ac6c4a664d9dbc6826e40a956,94
fund_BTCUSDT_2025-08.csv,ddfd5decae302892285b7ef2039b63a9eab10b78a218da9ba5c65da63ff228fb,94
fund_BTCUSDT_2025-09.csv,206b39680f50c0b5ac78a027a0f1332d21371cacc5c379ce619a488f8816249e,91
fund_BTCUSDT_2025-10.csv,5904bc9cb56cee51e9f22ddd8f0e4c04918ec6606052793ee9e402d244a8e05f,94
fund_BTCUSDT_2025-11.csv,5f1aad7589de709883681f06ecd434541c6d1e190187d2adaeb580ab65e1b119,91
fund_BTCUSDT_2025-12.csv,abedf1c5db9ef7f877379b32471868e6bc32c6da52af034aec141dd2dd23eee7,94
fund_BTCUSDT_2026-01.csv,7a76964b1780a6863f98a02886d56e24977a4736b9c0d08dc3607a06d0db8fda,94
fund_BTCUSDT_2026-02.csv,59bf1c427c543eed40f94107b3b7d855a00d1b5233dd929a6a80a8179d537033,85
fund_BTCUSDT_2026-03.csv,7456540b3421991cb7e76580d9e121d085f0db011179e2f36e2d1e8873d03679,94
fund_BTCUSDT_2026-04.csv,1eb9b45f07599af3ebc3c01f7e6129718c79c0dbad7c22bea3a8123a4b77c67c,91
fund_BTCUSDT_2026-05.csv,111bd5dd004c5ec8da7d92d1be752ae09b9a635fcb69505e4888b3671e4d4339,94
fund_BTCUSDT_2026-06.csv,aa1c399fbe4aeca5556cf6b7354d24ed84e5d799bc7dc6808ef19cce9310d4fb,91
fund_BTCUSDT_2026-07.csv,950954dfb1391d0dadfc04059e3204d0f74f2e67ae295c1e6d305916c427167b,94
fund_BTCUSDT_2026-08.csv,497b89267b2299468df644537408298c5c11f646d7baf44cc59305d15995395e,94
kl_ETHUSDT_4h_2020-01.csv,9de5d250bc545ff9aec4622926e8604e383cdabfc45d19291cf2e139ed32b392,186
kl_ETHUSDT_4h_2020-02.csv,81cbd2d15bbf384ce9a3e4f568bb62eb70732d68200cf383c9162db5a6edcf07,174
kl_ETHUSDT_4h_2020-03.csv,b571b3c52c333c235283180db13dcd1bfaa335696955db24870d73778fced592,186
kl_ETHUSDT_4h_2020-04.csv,6b6155ff2112e7d91620f5a4de5fc1b6f11cbdf84b190ed1c1f666a4a92638d5,180
kl_ETHUSDT_4h_2020-05.csv,edb44b5200e8052a17ac1a91dfb1f0b04552810d860501bb9c9de225796bde38,186
kl_ETHUSDT_4h_2020-06.csv,17e0df56e994b8688b819ad2c8516b159d06755eacc2c468bce7f6518b048b02,180
kl_ETHUSDT_4h_2020-07.csv,2671b314bfcf81881b05ca8aa9b691f591fd284a594f387823df8dc227e597e9,186
kl_ETHUSDT_4h_2020-08.csv,8207e7eea88298e94bde41221d3485cb0b0def733960224ae018f08bdb85342b,186
kl_ETHUSDT_4h_2020-09.csv,44a5875e0afc3b47fed36307e8aed40450886dc248b9e9cec2e0bec2c4d4e5b1,180
kl_ETHUSDT_4h_2020-10.csv,10fecbf8f754c60e72ad2798cc690c75160f0428b2d5cf95044d15b025c69d2d,186
kl_ETHUSDT_4h_2020-11.csv,5d04a783b52894db879bb65c7314e00bb91aae2c066d4b6571cf5e7952cc2dc2,180
kl_ETHUSDT_4h_2020-12.csv,41efc7614b70a769ec7423f37880a1a4182356409b0294a0dbb1ebfaa7d2201c,186
kl_ETHUSDT_4h_2021-01.csv,b26dfc26c2c368cb548b655f10ef075b68e5725a3ad6c3e0256b0736e65d0cda,186
kl_ETHUSDT_4h_2021-02.csv,441fd9024d6f51d387099285753cd14fb38f2b8054019368c4721957f81c8a6e,168
kl_ETHUSDT_4h_2021-03.csv,64cc2e59d51d93d95e861c7f16566aaed9e996fcd9eb586f6928b81d71d41dfe,186
kl_ETHUSDT_4h_2021-04.csv,b11842fd1ece9c0881814ac79e1132d9e6ab1665ad5abfd2b85898d2646274f3,180
kl_ETHUSDT_4h_2021-05.csv,6ac5e25c37b4804b3b1edb9c80d725391530be80f680f65371213d13a9c89e7c,186
kl_ETHUSDT_4h_2021-06.csv,89654f923f5e4fbc101b3cbe6409ee831e0b0c707a72af63a8e3b700df02d3bd,180
kl_ETHUSDT_4h_2021-07.csv,70df354de60d826035af4130bc07be35cda03d97299d0e5d145246ac8f6c75b6,186
kl_ETHUSDT_4h_2021-08.csv,162f12278c78645dde065f3ebbf6d43857144196e1b0de3122be42ad9e1e7d1a,186
kl_ETHUSDT_4h_2021-09.csv,21f3dc95c6c4f83c1d2b3b7bf54c2b3f3670d0605d622bc3dc61951385f581d9,180
kl_ETHUSDT_4h_2021-10.csv,bf00b4365b923ffd3e3846508f1418b5c429671313dd773b5a5956ba54aa1703,186
kl_ETHUSDT_4h_2021-11.csv,b3cdfbdb3fa45b6a798c10e732e66fd9541a7039a925584debc523581ec996b9,180
kl_ETHUSDT_4h_2021-12.csv,25ae5d6b46ec1be0c368ff1cb081502ec897fea0840bb3428860607c4f9d15a8,186
kl_ETHUSDT_4h_2022-01.csv,16ef73e6c65f0a32cf76da6b05c21d7811f7f0f144d5fa3529a4818d57d4ec4d,187
kl_ETHUSDT_4h_2022-02.csv,2f962d4cb39865d9b924db53d965eabae3d8a7fb0f4d82f486c1244cf3a3bb5d,169
kl_ETHUSDT_4h_2022-03.csv,8b9b1c686dc6220077127c42aad6b663dba6d6fd34b3cc6dc75f0a2f69bd5c33,187
kl_ETHUSDT_4h_2022-04.csv,18ffd8a0dc6226c72314e69f54d4dc255aa074e455dc813afdc22576d97dd4a1,181
kl_ETHUSDT_4h_2022-05.csv,0cbc4c4a03ed4c5127d88047a616d50dcd409ed7b6e81c6584e216bc3d6db8d1,187
kl_ETHUSDT_4h_2022-06.csv,93b188eb213aad8a937d7769cef1707441427e8a0160e3386be98e11f38bb1b3,181
kl_ETHUSDT_4h_2022-07.csv,4055e6647201691e291af22cc6a3efd30c7a31c3f012b7b0d04ef9532e1f476b,187
kl_ETHUSDT_4h_2022-08.csv,f021b7f9d64b42cfc25dcd09bf41a425c7db280f17b2486acdcd92bcdcc45a6c,187
kl_ETHUSDT_4h_2022-09.csv,e4cde54132fecfd26edef4dfc4d16f7ba261235ee0eba97e2633502d6382cf6c,181
kl_ETHUSDT_4h_2022-10.csv,08ebca3f3e9d32c3048e1920f4ceec26947920f87b24f65db701c9e83d8833f1,187
kl_ETHUSDT_4h_2022-11.csv,06dcc0bd82c7dc97c8f11b74e83fc7abbdf0ecc2c6af21c1238107ebc5232d28,181
kl_ETHUSDT_4h_2022-12.csv,f3fe63d672e1fe059dceffc60a8a292c5297621cd96af830f519b17a9a359afa,187
kl_ETHUSDT_4h_2023-01.csv,7897d59e651a6351180862746aeb3a27106c598c8ec6796c6cb91740341e0acf,187
kl_ETHUSDT_4h_2023-02.csv,c40cfa3ad017c54c3bdffa9d1087b243c038e0bbef7c74134bb871743e75931e,169
kl_ETHUSDT_4h_2023-03.csv,7f832957867258c74502c6f6f5de1b141d41efd1b5fe24cbcf9ffc0440c39ba5,187
kl_ETHUSDT_4h_2023-04.csv,f2a8bd7aa8b1d0e40a229faf00f74bdc2b93f7c566dded95d164d624fec6191c,181
kl_ETHUSDT_4h_2023-05.csv,2e669ba2aa81aa9faee4b52aee5bdceac30da61cd5712826d711df578f121e7b,187
kl_ETHUSDT_4h_2023-06.csv,6e1ae83d8319b591fd1440b0921a17ecc79fc42053f44ffb1b89841137339bd3,181
kl_ETHUSDT_4h_2023-07.csv,78d411ccbb73da39bf838a4e194ed242d5d8b1778da9787601e2feff70f51e8b,187
kl_ETHUSDT_4h_2023-08.csv,9fbb4a9c1218a7d52a6b4fc7d7c7f0e18079e97b7438d4f1672599893335c3d0,187
kl_ETHUSDT_4h_2023-09.csv,aeed2158b1922dd0f865afa75cb4d6ed8b5ee1ac64aa45bca3cb4b550644c74f,181
kl_ETHUSDT_4h_2023-10.csv,040e3dfa9c70110b897b68249966c186474978d5dc7b654e8d6da09b2e906342,187
kl_ETHUSDT_4h_2023-11.csv,a34e1c2e051085436888740ae3778d5c985e641fe44ae42b85d032f7384421df,181
kl_ETHUSDT_4h_2023-12.csv,479c52494cbb60266bcf4631de7124539940e9204557b5397314917560fe5915,187
kl_ETHUSDT_4h_2024-01.csv,23ef80309d7e374e2d4146641d0ff8fedefcc7b6fc262ecf2f518ad83b159cd7,187
kl_ETHUSDT_4h_2024-02.csv,1d1bc139cd06613c08d359924cd1e73cb8343d9da5fd17f233b9f338a3bcbbb4,175
kl_ETHUSDT_4h_2024-03.csv,7b8116f23b525077de23bbd3679f3d58a2e2dd8b1894bc902856240bcd5a1a0a,187
kl_ETHUSDT_4h_2024-04.csv,95c2292585b7d603103588fa5acec3fe9a657291f23b227bc4dc623af933334a,181
kl_ETHUSDT_4h_2024-05.csv,755a833d5b29026e5553585c68b37aef6b1bb5cde9b1d2ddff21ab2712a9ffc2,187
kl_ETHUSDT_4h_2024-06.csv,7c907275908cc563a3992fed1fff81358cb14e8bb24c22ed2077c6b105ed94a2,181
kl_ETHUSDT_4h_2024-07.csv,073f47253e4d0f62306a0a510c6afd0522d79c1702a440c40e948bb52263507b,187
kl_ETHUSDT_4h_2024-08.csv,d8f78d3d3c7e187fdd05256310af011efaef01f6057dd53fe6bb8deaefe076a1,187
kl_ETHUSDT_4h_2024-09.csv,6959554828d8de1cd1e66cc4ea1961053b9d724757d5ceb9a56fe907e9edfa1f,181
kl_ETHUSDT_4h_2024-10.csv,10eed22d099edd8788d50facbc2290a61912d38bfb14ad8250ad98ed0535c548,187
kl_ETHUSDT_4h_2024-11.csv,e68f50464201056bd26b2b105f80e7ac639c98abe0648e86e9fd040492adc561,181
kl_ETHUSDT_4h_2024-12.csv,b1d67064411a73b698ac6d8ec27603be4c95b3c91d125e4925d7d105106a9bf5,187
kl_ETHUSDT_4h_2025-01.csv,e576cafb738b7c3f2eded4eed9e701cd15336d061d1cd5e0b29f77f7761f5925,187
kl_ETHUSDT_4h_2025-02.csv,aee1ba6ece469787ca9629f218f3a0e7745c4d2b1ade755f7bfeef32930e9bea,169
kl_ETHUSDT_4h_2025-03.csv,bd41b75cc2c1635dbc52feff2e8d07e9ec818b89dd9628b352c0d337c59bd95f,187
kl_ETHUSDT_4h_2025-04.csv,feeffd1407c3acc49691955f999fbd138ec863ce8e5260277b68ab9a4ed6ea19,181
kl_ETHUSDT_4h_2025-05.csv,e88639cac6aba38a6e98c6a03b8ef6b220ec89a0150c29c59f561f96a39a9658,187
kl_ETHUSDT_4h_2025-06.csv,9702b7044bc7de5c5ae41ecc4249672cf2648679482cfa203fce8f307f5350c1,181
kl_ETHUSDT_4h_2025-07.csv,f48a5b51b89a232c660fc72dcb47a439722c3a657b245499f2ece3654361d2bf,187
kl_ETHUSDT_4h_2025-08.csv,6aaf3b3e73b32b79da4d8d1b5a9478b217754b48761fdcb1ead1d863ed9f9c4f,187
kl_ETHUSDT_4h_2025-09.csv,f5b1e858139a82ec46f11b79f3cc5c66c0e902bac539847ac7a1e0e446758477,181
kl_ETHUSDT_4h_2025-10.csv,3c30892b73b7c008f07b8a4bd7f61bc72c5fd25bafcc6dfa595cf51142530831,187
kl_ETHUSDT_4h_2025-11.csv,74fbbd48684f364750b4bf836a15ca391d20c8afae4ed924f5de454631a39321,181
kl_ETHUSDT_4h_2025-12.csv,96640d12bbbd93b97733638da780bc407633d4bd25e5b668268224e4eda9bf7f,187
kl_ETHUSDT_4h_2026-01.csv,2e11f210be1e8c677f192e04e2acc275b21e77a2d01baf7cd095518a74912c88,187
kl_ETHUSDT_4h_2026-02.csv,b28d9af1f375ebcc58b47f3aea180ca3af671da1529a07e3c2bc1af5d7912499,169
kl_ETHUSDT_4h_2026-03.csv,ba02d3ec0b8dde4f87df3e35ca3a92b138e7b89404bdcacafac2b98638aa16c7,187
kl_ETHUSDT_4h_2026-04.csv,5d36b0737d5816d52e35abe69ba8805b9bfbc13398dab7b23986cc897c5ee087,181
kl_ETHUSDT_4h_2026-05.csv,b62eafd3ac64ca4113be08806b367a601ba549822de49e7fc1bcda32aab7a30f,187
kl_ETHUSDT_4h_2026-06.csv,bb6f336332ca38130e2d3db505a57050c022bd1dae7da4599324a0b78f82ae89,181
kl_ETHUSDT_4h_2026-07.csv,59e5e9c7794c51fe38d62ccfe26fe84d67471f07c4f6558d0d9d6b8b8e564ca4,187
kl_ETHUSDT_4h_2026-08.csv,4bbe05bef0f30e86ba515b96d7918e9aed6e0535de5593af6104783e7f7424ff,187
kl_ETHUSDT_4h_2026-09-01.csv,db5ce0d7824fe5d3ed33d68478d79e8cde435515a8158c43f20526be1d5c911c,7
kl_ETHUSDT_4h_2026-09-02.csv,d110809452342ae669479107a77d00c4ff864fd7289df703247f601e1620ee51,7
kl_ETHUSDT_4h_2026-09-03.csv,a54a9400644d3b33d850fd37651c2068cc5ef11e82cc4dc29384365727d1b6d9,7
kl_ETHUSDT_4h_2026-09-04.csv,3f24cccf56a048488a70c248148bfc76d80afdf8b46145617ddf73a1eb493c63,7
kl_ETHUSDT_4h_2026-09-05.csv,b0c9375dd03609fa35923995c8a4e7015bb80fd180aad0a564d5dba8fcda1878,7
kl_ETHUSDT_4h_2026-09-06.csv,1dc3c56125747e49c5ca2b9b52165abd4dacfeb610403daa271a44342be89389,7
kl_ETHUSDT_4h_2026-09-07.csv,a1e44abd9e88c04d92c4f6c7b387016424d311fe68bd8e7a638bf220027afca7,7
kl_ETHUSDT_4h_2026-09-08.csv,ba921d8be2417a49bdbc28512ffb9760f8f9e9f94e80eb30dbcfe82f8e7b3531,7
kl_ETHUSDT_4h_2026-09-09.csv,bf8f238ae84cb51e35019c401dd33a7d4d99781f707e58c42b0df59d1b60c8b0,7
kl_ETHUSDT_4h_2026-09-10.csv,66f0d5caa21d5a2579369c4d90071894feb4f258b62a0e0a21e371ebc8df0e3d,7
kl_ETHUSDT_4h_2026-09-11.csv,fd2cf792d8313aaf30de7cd1c9aed9bb1c15c96a11706a88cfd8443e039d9b13,7
kl_ETHUSDT_4h_2026-09-12.csv,ed3950b4654eb2bb50bbb3afb46ffe49b99644857d5aaee985aab619e4b7cf21,7
kl_ETHUSDT_4h_2026-09-13.csv,8185184fd9a56e96a00803e556990e143f63c8a10a2f49f60f7f5e02c5e6c3a0,7
kl_ETHUSDT_4h_2026-09-14.csv,b0ceff7f23e1f7bff066010b014532c1a219c0afb1ca5ad39be7bb9b19992df0,7
kl_ETHUSDT_4h_2026-09-15.csv,1ab5defdb24058d611bbae80878c51ebce65b54049b23b865703ff7c7537c0f1,7
kl_ETHUSDT_4h_2026-09-16.csv,3237a91b8e2ddbd12b1b6534f09d7b08a3e9b0b2df6d3a84e9daec7659d1228d,7
kl_ETHUSDT_4h_2026-09-17.csv,e644176c4c4581f963febe15e8888150d838d220089cae707be0069481f45b9a,7
fund_ETHUSDT_2020-01.csv,9f088c2206f168f621aaf39f956e37b6cca8b2f4fb26d7b9e56c523bb3fcbbe3,94
fund_ETHUSDT_2020-02.csv,97a21420315040514c580f9becb39475738938b0e22f9321b9a5cb2324a9d5ed,88
fund_ETHUSDT_2020-03.csv,026e3f5aa73dead08fbb1c185fc1041686bb157789d0851fbebc6c178c3fda0a,94
fund_ETHUSDT_2020-04.csv,b7e5b8b0d1bbb7c2828428f9f7dd8d0b4bb52c6df9c68dcea204f5251e460856,91
fund_ETHUSDT_2020-05.csv,dcf837faa7def661111fbfb599698364291a4f735f5a4378600d8b857309344a,94
fund_ETHUSDT_2020-06.csv,8b5307e92e9f48bcbdb829dec158e50f5d59a1198a175a6cc378020e39ef16d7,91
fund_ETHUSDT_2020-07.csv,71505aca76b862c2bc2cec5edba20efca0fdabd19f5e273e922c54fb3a9ede5e,94
fund_ETHUSDT_2020-08.csv,0c5fae24110069917b657401fa0cde27ead286f318649cee6c04d43326ad35f7,94
fund_ETHUSDT_2020-09.csv,f94abf738b11148c003929956d4767c4b353781a177943b6ae18b115c6642de6,91
fund_ETHUSDT_2020-10.csv,b14537a8af1fdc4f343b9bf4020fda0e112c8dc87ae730fb0577e3923774fe16,94
fund_ETHUSDT_2020-11.csv,cb44d048181ea71614f5d04633d47b6d99aadb0798eb9315100cd7352df02392,91
fund_ETHUSDT_2020-12.csv,e74bf0fe6c823f3eebe45a9dfe637c7149294f306c1d681e2a20c35402ec9e11,94
fund_ETHUSDT_2021-01.csv,73f746b202aba2a70fd5c7fe5dad3f147ab39715419b52fb488f0023786649a7,94
fund_ETHUSDT_2021-02.csv,78d527e5f17ee81f2c1acc450a41ec47de7f5ac0542ad0524302115307121b81,85
fund_ETHUSDT_2021-03.csv,edc1cf98fa891c6b4f2164ba1f1e86e1093fa2a3c505366fa7770e8ba77b1b83,94
fund_ETHUSDT_2021-04.csv,b38ce0295334d574a15944476890bb9a54a665fc6e8a77fba92376c5878d3ec5,91
fund_ETHUSDT_2021-05.csv,143691e60e48d1921c2fb8f86fd68e0a0b75ef6dbb792706bc90d84047c05541,94
fund_ETHUSDT_2021-06.csv,8095d825f210c0155fdf52f7ffa18dcd64c7902b5e0038eeff04a0ae7268349c,91
fund_ETHUSDT_2021-07.csv,f8bf4336f90a0eafa6d1ece804e0ffea2079d9be0efc7fc7b7c42552ce745172,94
fund_ETHUSDT_2021-08.csv,bab4da41884ee143ecc59073b11138840fb6db995af9157b29d6daf3ca6a8c35,94
fund_ETHUSDT_2021-09.csv,0008b13883e427364f54daf29b86a9fb131ec82ca1e0a5978fe15a928890de9a,91
fund_ETHUSDT_2021-10.csv,60f1753bef7578f419293a41a1f9e5d1130dd370ae070d9d4598cb20454df239,94
fund_ETHUSDT_2021-11.csv,60a621d73dac3e901dc3076e068b41f6aad4734e3dd646ddb6d408d369d3457e,91
fund_ETHUSDT_2021-12.csv,f50b6dec5ea51d86215ebbadcb8b8a8466efb2643b020a7f0c85e0a5dfbf43c6,94
fund_ETHUSDT_2022-01.csv,126fb2e73625afcca72ed3e6df097a9b87d83339b1b77da2bbf1038941f574a6,94
fund_ETHUSDT_2022-02.csv,5e8e76c926261f6b949dae8ea590b6419a3a394c73c69e27cea7c5fae2d9e29b,85
fund_ETHUSDT_2022-03.csv,4e55a27bc71c8817aa33cd5581ac0e89531f4881c578f5dcfba43c0415c44e00,94
fund_ETHUSDT_2022-04.csv,4621ddf5b177ef6f9aab72055a1c8b734f207f0cb3d388009d7b7acd88f3a12d,91
fund_ETHUSDT_2022-05.csv,1d31a0ee16e8b1b01ca95ec55c907dcbf2bcca6a1f9fd469a8d84e0d94227c72,94
fund_ETHUSDT_2022-06.csv,c12059e04d2053f64f76e8ecea389d15495c46ae5d4a77dd6c42bd231533447b,91
fund_ETHUSDT_2022-07.csv,125797d47500a9bdd80c8e39b58e823783c04cb01394d4bdd97af9c210d20a27,94
fund_ETHUSDT_2022-08.csv,172a120ed874c62d6962b979cdb9bdd4939bb61b4abb64a1fc09a86591b70407,94
fund_ETHUSDT_2022-09.csv,9f62f18618eb09a42e48761ffcecda8521adb705369fb6cacdd0fb7c870e2db1,91
fund_ETHUSDT_2022-10.csv,7ce7b17e985632ac3307b15f659350ce085aa65c4c8f8df78d00d6bf56da434b,94
fund_ETHUSDT_2022-11.csv,3cff8060694804d39f3a26786075e3b5dea17dfdb133b49ab8ace4d3e6d2666b,91
fund_ETHUSDT_2022-12.csv,b17c5b4ccdffc07d0186085dd2c05985ce267ccbb8837830e70032a303140410,94
fund_ETHUSDT_2023-01.csv,9a06bd8107f5ce98718322f7c93eb10bbc6962ee5dc6a83cab197e615e381a59,94
fund_ETHUSDT_2023-02.csv,a711a2c439c951af7b9a3f85f7471faf648a3120765cd1d5b8d669682c626d65,85
fund_ETHUSDT_2023-03.csv,f729dfa0ad5e192f6be2312638d57e98b2ca3df078a1ad6d4904e9099752c901,94
fund_ETHUSDT_2023-04.csv,11cd8ed533d8843939626d65f4caa4e66fd410b7c958210265c269f1766e341b,91
fund_ETHUSDT_2023-05.csv,4bde0c5f5fb082fa090f90e9fe9f7a30b1019c209780b1703d27d6dff11fd5d3,94
fund_ETHUSDT_2023-06.csv,c67e4ee26f2f3c50de7b05c1541e495def79b302911992536caf6c1c9923eeb3,91
fund_ETHUSDT_2023-07.csv,f31a17b821757a39d2d8558974b6ea3854fa597ea8ca93b098e36909a4eda188,94
fund_ETHUSDT_2023-08.csv,e09e3b8f2d44100b0fa431aa949b658c6fd8f3e24365bdc29b7d22529c59fbe3,94
fund_ETHUSDT_2023-09.csv,8b6173f0b96893fdab6778ee58cbe2be96991cef70786d0496cd6388dd98137b,91
fund_ETHUSDT_2023-10.csv,667517bd776e834cb449b9f8cd55ab772e7e6b63dd9a0c1eeff2c1def0fa3392,94
fund_ETHUSDT_2023-11.csv,a72c1401507dc9da958f543bfe70f73cb5a7e56cd2ba9d372a1507511cb7c8f5,91
fund_ETHUSDT_2023-12.csv,fdbe4bad749b683bfaf490fb98770992a52e8a0541a50098037d37e871eac0af,94
fund_ETHUSDT_2024-01.csv,c893012d827d8abf8e16c88142a7915b3fa85d5b73eac1979f36812066996ded,94
fund_ETHUSDT_2024-02.csv,6ab0e1c72a00b33ef90c5128be3b33a072aad0811f451641a23fe323efc1fc26,88
fund_ETHUSDT_2024-03.csv,900be73a08fa1f4b31f218d072def53f437f7f555b162bcd8a1083b089b86fe2,94
fund_ETHUSDT_2024-04.csv,fb6b3b5873f29ac06da19064e6ae70051ccb2243fa6cc49cc8e1d1c46b948817,91
fund_ETHUSDT_2024-05.csv,122c7110ec5b6c5f5297ba17c8031a7da136e8476ea59956a6d679ac1a3c81ea,94
fund_ETHUSDT_2024-06.csv,2bc10bdf8751cd69dc9f7906afd86ef0860056f5ddfc3928a9107e654184e18b,91
fund_ETHUSDT_2024-07.csv,1d4fc380e0c2e4f98c3d52a4a742286ae111fcb49088e4e250bedb15109ac872,94
fund_ETHUSDT_2024-08.csv,4c297855d67e66b1d7df75c9fbcba4720ddef465cc36da88a78b0eefdacbc17d,94
fund_ETHUSDT_2024-09.csv,7e22bba3db446fe7f82f5026e870266adf630aa5aa11b83a28825d22926da134,91
fund_ETHUSDT_2024-10.csv,635935269202b85e529f33803c785ff58b5399a6d31561dbf3d8ee5aa99c230c,94
fund_ETHUSDT_2024-11.csv,99bd643e5abbbb44a62e61e78c63b198c7d0e5c493e9a0cc216a2871c437dca0,91
fund_ETHUSDT_2024-12.csv,afed0ab78ffa3a38813e3af8e4622f362c79d38ff57ae4ed43c03e92b9eac279,94
fund_ETHUSDT_2025-01.csv,3f1226b081e068048baad226f418770060819fe81eec02651db80409e5ba89e5,94
fund_ETHUSDT_2025-02.csv,72c757998b46082e9bae974322d2f0861320976f37713b76e8b0486a9e9fa55e,85
fund_ETHUSDT_2025-03.csv,7727d072b3d87ac9662b823c4a11339236eafee71894c6af8f0907e61cc24ca7,94
fund_ETHUSDT_2025-04.csv,14e57f7208dc819f2b66e2da010e6fe4faf630dc0012d172bae233afd0c78ca7,91
fund_ETHUSDT_2025-05.csv,6d79d605b4f152982003521702c5dfdbc179e47f3f133a2cafa4e2ba0c8bbf25,94
fund_ETHUSDT_2025-06.csv,d6a32078c851400dbb9a2cd9b2cd9bdf41cb63fd476166b8dfc01c2629afb2f9,91
fund_ETHUSDT_2025-07.csv,7f11a079e19a657cb7d39a77d07c313ed0898954a88a29459240d2b27e28f564,94
fund_ETHUSDT_2025-08.csv,5e2df9ed4e900bad880548d4c32fda62a299cb35a0efecb0f119c6a7b9ad77d0,94
fund_ETHUSDT_2025-09.csv,58467e46f2e97d5dc604d47c03ababb3391a0cfbfd342b908b79e61067c99d95,91
fund_ETHUSDT_2025-10.csv,a5908a67f44e5156951135fe41e323cf1814623c7127358f1fc03c4bd94a3de0,94
fund_ETHUSDT_2025-11.csv,d0e9de38d4c279811849e61d5d1e02779e467f68741d2c2a2895c462d6b70b00,91
fund_ETHUSDT_2025-12.csv,94f499874e8b5e1470f049af3a82684f80de12c2a536a2b9cc022d746bb06f75,94
fund_ETHUSDT_2026-01.csv,761a74ab6ce8dd6c4cd454db6093bb4029010afb6b73656893e36c8bd10d9279,94
fund_ETHUSDT_2026-02.csv,e8b0ac2bcc1715e4d6d9b4b6e1960cf69b66ec93e01fb7f00751eda45ceeb10f,85
fund_ETHUSDT_2026-03.csv,557964b642e938509ae4f930694973303815ccb17a052d76b424be73b08552b9,94
fund_ETHUSDT_2026-04.csv,d07522d36fb43d099785e044d53693417d2f37d6df577d482bedbb06e204ae41,91
fund_ETHUSDT_2026-05.csv,7935b6334233be5d8cdebb56e38a7ca7a61f3199ca0d642b07953aa0b0e2dc81,94
fund_ETHUSDT_2026-06.csv,2cacfa3929a0628a7e3795e8db749851edb511fc2a0630eedf0a9c721aeaaa9d,91
fund_ETHUSDT_2026-07.csv,d6c18e233f0db4eb8ed7efab4876a7cc0dccb9814f80e86eb9021e08a5527540,94
fund_ETHUSDT_2026-08.csv,4757c7b03ca17010a1b0b7c34ca345d178dade1dbee9a7e92f0fc7ba7b6c8e29,94
