product_id,display_name,underlying,contract_size,price,notional_per_contract_usd,tick_price_increment,quote_increment,min_order_contracts,max_order_contracts,contract_expiry,contract_expiry_type,funding_interval,funding_rate_now,funding_rate_now_annualised_pct,intraday_long_margin_rate,intraday_max_leverage,overnight_long_margin_rate,overnight_short_margin_rate,overnight_max_leverage_long,overnight_long_margin_usd_per_contract,holdable_overnight_at_cap,cap_usd,open_interest_contracts,approx_quote_24h_volume_usd,twenty_four_by_seven,venue,risk_managed_by
BIP-20DEC30-CDE,BTC PERP,BTC,0.01,80705,807.05,5,0.01,1,5000,2089-12-30T16:00:00Z,EXPIRING,3600s,0.000014,12.264,0.1000185,10.0,0.245625,0.306375,4.07,198.23,False,100.0,175349,512746304.7,True,cde,MANAGED_BY_FCM
ETP-20DEC30-CDE,ETH PERP,ETH,0.1,2581.5,258.15,0.5,0.01,1,5000,2089-12-30T16:00:00Z,EXPIRING,3600s,0.000004,3.504,0.100062,9.99,0.24525,0.33475,4.08,63.31,True,100.0,222904,136648346.55,True,cde,MANAGED_BY_FCM
XPP-20DEC30-CDE,XRP PERP,XRP,500,1.3846,692.3,0.0001,0.01,1,1000,2089-12-30T16:00:00Z,EXPIRING,3600s,0.000008,7.008,0.200129,5.0,0.373375,0.566,2.68,258.49,False,100.0,43784,85131438.7,True,cde,MANAGED_BY_FCM
ZEC-20DEC30-CDE,ZCASH PERP,ZEC,1,1489.2,1489.2,0.05,0.01,1,1000,2089-12-30T16:00:00Z,EXPIRING,3600s,0.000045,39.42,0.2499543,4.0,0.539625,0.990125,1.85,803.61,False,100.0,12864,79046736,True,cde,MANAGED_BY_FCM
SLP-20DEC30-CDE,SOL PERP,SOL,5,111.2,556.0,0.01,0.01,1,1000,2089-12-30T16:00:00Z,EXPIRING,3600s,0.000012,10.512,0.1999824,5.0,0.366,0.55975,2.73,203.5,False,100.0,35239,75878432,True,cde,MANAGED_BY_FCM
NER-20DEC30-CDE,NEAR PERP,NEAR,500,3.6296,1814.8,0.0001,0.01,1,1000,2089-12-30T16:00:00Z,EXPIRING,3600s,-0.000014,-12.264,0.1999032,5.0,0.38325,0.563,2.61,695.52,False,100.0,1911,67878964.4,True,cde,MANAGED_BY_FCM
US5-19DEC30-CDE,US 500 PERP,CDEUS5,1,3074.1,3074.1,0.1,0.01,1,1000,2030-12-19T22:00:00Z,EXPIRING,3600s,0.000003,2.628,0.0499928,20.0,0.06325,0.067625,15.81,194.44,False,100.0,909,32637719.7,False,cde,MANAGED_BY_FCM
HYP-20DEC30-CDE,HYPE PERP,HYPE,10,91.51,915.1,0.01,0.01,1,1000,2089-12-30T16:00:00Z,EXPIRING,3600s,0.000008,7.008,0.1998656,5.0,0.374,0.549125,2.67,342.25,False,100.0,8450,21235810.6,True,cde,MANAGED_BY_FCM
TEK-19DEC30-CDE,TECH PERP,CDETEK,1,3961.5,3961.5,0.1,0.01,1,1000,2030-12-19T22:00:00Z,EXPIRING,3600s,0.000001,0.876,0.0499844,20.01,0.0695,0.074125,14.39,275.32,False,100.0,705,20072920.5,False,cde,MANAGED_BY_FCM
XLP-20DEC30-CDE,XLM PERP,XLM,5000,0.192,960.0,0.00001,0.01,1,1000,2089-12-30T16:00:00Z,EXPIRING,3600s,0.000021,18.396,0.2499776,4.0,0.281,0.38675,3.56,269.76,False,100.0,4059,17654400,True,cde,MANAGED_BY_FCM
ENA-20DEC30-CDE,ENA PERP,ENA,5000,0.16676,833.8,0.00001,0.01,1,1000,2089-12-30T16:00:00Z,EXPIRING,3600s,0.000007,6.132,0.2499144,4.0,0.386625,0.5695,2.59,322.37,False,100.0,1549,17585675.8,True,cde,MANAGED_BY_FCM
OND-20DEC30-CDE,ONDO PERP,ONDO,1000,0.3971,397.1,0.0001,0.01,1,1000,2089-12-30T16:00:00Z,EXPIRING,3600s,0.000047,41.172,0.1999824,5.0,0.3415,0.477125,2.93,135.61,False,100.0,4942,16318824.5,True,cde,MANAGED_BY_FCM
PAU-20DEC30-CDE,PAXG PERP,PAXG,1,4353.6,4353.6,0.1,0.01,1,1000,2030-12-20T16:00:00Z,EXPIRING,3600s,0.000036,31.536,0.049977,20.01,0.077125,0.082375,12.97,335.77,False,100.0,1452,12198787.2,True,cde,MANAGED_BY_FCM
ADP-20DEC30-CDE,ADA PERP,ADA,1000,0.22,220.0,0.0001,0.01,1,1000,2089-12-30T16:00:00Z,EXPIRING,3600s,0.000012,10.512,0.200025,5.0,0.28125,0.4175,3.56,61.88,True,100.0,8806,8639840,True,cde,MANAGED_BY_FCM
LNP-20DEC30-CDE,LINK PERP,LINK,50,12.16,608.0,0.001,0.01,1,1000,2089-12-30T16:00:00Z,EXPIRING,3600s,0.000034,29.784,0.199946,5.0,0.32125,0.438875,3.11,195.32,False,100.0,4809,7952640,True,cde,MANAGED_BY_FCM
SUP-20DEC30-CDE,SUI PERP,SUI,500,0.8033,401.65,0.0001,0.01,1,1000,2089-12-30T16:00:00Z,EXPIRING,3600s,0.000022,19.272,0.2499144,4.0,0.386625,0.567375,2.59,155.29,False,100.0,5346,7512863.25,True,cde,MANAGED_BY_FCM
HEP-20DEC30-CDE,HBAR PERP,HBAR,5000,0.07889,394.45,0.00001,0.01,1,1000,2089-12-30T16:00:00Z,EXPIRING,3600s,0.000005,4.38,0.2500636,4.0,0.38975,0.608625,2.57,153.74,False,100.0,2469,6426379.4,True,cde,MANAGED_BY_FCM
PEP-20DEC30-CDE,1000PEPE PERP,PEPE,100000,0.003812,381.2,0.000001,0.01,1,1000,2030-12-20T16:00:00Z,EXPIRING,3600s,0.000005,4.38,0.249985,4.0,0.540625,1.143375,1.85,206.09,False,100.0,681,5135907.6,True,cde,MANAGED_BY_FCM
BCP-20DEC30-CDE,BCH PERP,BCH,1,251.7,251.7,0.05,0.01,1,1000,2089-12-30T16:00:00Z,EXPIRING,3600s,0.000035,30.66,0.250022,4.0,0.4195,0.631375,2.38,105.59,False,100.0,1758,4938102.3,True,cde,MANAGED_BY_FCM
DOP-20DEC30-CDE,DOGE PERP,DOGE,5000,0.08735,436.75,0.00001,0.01,1,1000,2089-12-30T16:00:00Z,EXPIRING,3600s,-0.000005,-4.38,0.2500761,4.0,0.520125,0.91575,1.92,227.16,False,100.0,2485,4836569.5,True,cde,MANAGED_BY_FCM
LCP-20DEC30-CDE,LTC PERP,LTC,5,55.91,279.55,0.01,0.01,1,1000,2089-12-30T16:00:00Z,EXPIRING,3600s,0.000013,11.388,0.24992,4.0,0.4,0.588125,2.5,111.82,False,100.0,2933,4361818.65,True,cde,MANAGED_BY_FCM
DEF-19DEC30-CDE,DFNSE PERP,CDEDEF,1,2652.6,2652.6,0.1,0.01,1,1000,2030-12-19T22:00:00Z,EXPIRING,3600s,0.000006,5.256,0.0500186,19.99,0.056125,0.05925,17.82,148.88,False,100.0,356,3278613.6,False,cde,MANAGED_BY_FCM
AVE-20DEC30-CDE,AAVE PERP,AAVE,5,138.06,690.3,0.01,0.01,1,1000,2089-12-30T16:00:00Z,EXPIRING,3600s,0.000027,23.652,0.250088,4.0,0.43,0.670625,2.33,296.83,False,100.0,1254,3189876.3,True,cde,MANAGED_BY_FCM
AIP-19DEC30-CDE,AI PERP,CDEAI,1,2941,2941.0,0.1,0.01,1,1000,2030-12-19T22:00:00Z,EXPIRING,3600s,0.000012,10.512,0.049984,20.01,0.08,0.08625,12.5,235.28,False,100.0,524,3161575,False,cde,MANAGED_BY_FCM
CHN-19DEC30-CDE,CHINA PERP,CDECHN,1,2822.6,2822.6,0.1,0.01,1,1000,2030-12-19T22:00:00Z,EXPIRING,3600s,0.000006,5.256,0.0500329,19.99,0.127375,0.14475,7.85,359.53,False,100.0,421,2526227,False,cde,MANAGED_BY_FCM
POP-20DEC30-CDE,DOT PERP,DOT,100,1.135,113.5,0.001,0.01,1,1000,2089-12-30T16:00:00Z,EXPIRING,3600s,0.000012,10.512,0.199899,5.0,0.438375,0.614125,2.28,49.76,True,100.0,5628,1583665.5,True,cde,MANAGED_BY_FCM
AVP-20DEC30-CDE,AVAX PERP,AVAX,10,8.12,81.2,0.01,0.01,1,1000,2089-12-30T16:00:00Z,EXPIRING,3600s,0.000028,24.528,0.2001024,5.0,0.324,0.44425,3.09,26.31,True,100.0,7402,616145.6,True,cde,MANAGED_BY_FCM
BNB-20DEC30-CDE,BNB PERP,BNB,1,754.4,754.4,0.05,0.01,1,1000,2089-12-30T16:00:00Z,EXPIRING,3600s,0.000006,5.256,0.2501444,4.0,0.38225,0.634625,2.62,288.37,False,100.0,428,364375.2,True,cde,MANAGED_BY_FCM
SHP-20DEC30-CDE,1000SHIB PERP,SHIB,10000,0.00546,54.6,0.00001,0.01,1,1000,2089-12-30T16:00:00Z,EXPIRING,3600s,-0.000005,-4.38,0.2500521,4.0,0.528875,0.953875,1.89,28.88,True,100.0,3949,192137.4,True,cde,MANAGED_BY_FCM
