product_id,status,trading_disabled,first_daily_candle,days_history,median_30d_volume_usd,quote_increment,min_market_funds_usd
00-USD,online,False,2022-10-11,1438,40236.12,0.00000001,1
1INCH-USD,online,False,2021-04-09,1988,41107.37,0.00001,1
2Z-USD,online,False,2025-10-16,337,22845.54,0.00001,1
A8-USD,online,False,2024-07-17,793,27143.5,0.000001,1
AAVE-USD,online,False,2020-12-15,2103,4318086.83,0.01,1
ABT-USD,online,False,2022-07-21,1520,28941.95,0.0001,1
ACH-USD,online,False,2021-08-03,1872,159873.25,0.000001,1
ACS-USD,online,False,2023-02-15,1311,28679.86,0.0000001,1
ADA-USD,online,False,2021-03-18,2010,14905181.52,0.00001,1
AERGO-USD,online,False,2022-03-08,1655,95060.08,0.000001,1
AERO-USD,online,False,2024-02-06,955,4740703.28,0.00001,1
AGLD-USD,online,False,2021-09-21,1823,24216.46,0.0001,1
AI-USD,online,False,2026-04-29,142,52480.26,0.00001,1
AIOZ-USD,online,False,2022-03-08,1655,182646.15,0.00001,1
AKT-USD,online,False,2024-03-19,913,512122.74,0.0001,1
ALCX-USD,online,False,2021-11-16,1767,14787.34,0.01,1
ALEO-USD,online,False,2024-09-18,730,36052.73,0.000001,1
ALEPH-USD,online,False,2022-06-22,1549,22417.76,0.00001,1
ALGO-USD,online,False,2019-08-15,2591,1474127.19,0.00001,1
ALICE-USD,online,False,2022-02-24,1667,50512.53,0.00001,1
ALIGN-USD,online,False,2026-08-20,29,385414.61,0.00001,1
ALLO-USD,online,False,2025-11-12,310,226317.26,0.0001,1
ALT-USD,online,False,2025-03-27,540,8330.28,0.00001,1
AMP-USD,online,False,2021-06-10,1926,162406.59,0.0000001,1
ANKR-USD,online,False,2021-03-25,2003,104385.98,0.0000001,1
APE-USD,online,False,2022-03-17,1646,508508.7,0.00001,1
API3-USD,online,False,2021-12-09,1744,71882.79,0.00001,5
APR-USD,online,False,2025-10-23,330,313871.91,0.0001,1
APT-USD,online,False,2022-10-19,1430,1268172.47,0.0001,1
ARB-USD,online,False,2023-03-23,1275,4568310.52,0.00001,1
ARKM-USD,online,False,2024-04-02,899,27552.11,0.00001,1
ARPA-USD,online,False,2021-10-19,1795,13466.65,0.000001,1
ARX-USD,online,False,2026-06-22,88,192928.9,0.0001,1
ASM-USD,online,False,2021-10-21,1793,30022.57,0.00001,1
AST-USD,online,False,2022-06-28,1543,22258.5,0.000001,1
ASTER-USD,online,False,2025-11-20,302,980848.94,0.0001,1
ATH-USD,online,False,2025-03-13,554,172328.81,0.000001,1
ATOM-USD,online,False,2020-01-14,2439,738561.64,0.0001,1
AUCTION-USD,online,False,2021-10-19,1795,36872.27,0.0001,1
AUDIO-USD,online,False,2023-01-26,1331,13568.92,0.000001,1
AURORA-USD,online,False,2022-09-06,1473,18199.87,0.000001,1
AVAX-USD,online,False,2021-09-30,1814,5298189.87,0.001,1
AVNT-USD,online,False,2025-09-09,374,364046.84,0.00001,1
AVT-USD,online,False,2022-02-03,1688,39722.94,0.00001,1
AWE-USD,online,False,2025-09-04,379,18259.87,0.00001,1
AXL-USD,online,False,2023-02-07,1319,67043.4,0.0001,1
AXS-USD,online,False,2021-08-12,1863,89689.65,0.0001,1
AZTEC-USD,online,False,2026-02-12,218,76264.07,0.00001,1
B3-USD,online,False,2025-02-10,585,125397.39,0.0000001,1
BADGER-USD,online,False,2021-10-14,1800,6174.06,0.0001,1
BAL-USD,online,False,2020-10-06,2173,22908.31,0.0001,1
BAND-USD,online,False,2020-08-11,2229,13113.91,0.00001,1
BARD-USD,online,False,2025-09-18,365,44693.44,0.0001,1
BASECAT-USD,online,False,2026-08-24,25,1160929.81,0.00001,1
BASED1-USD,online,False,2026-03-30,172,84058.26,0.00001,1
BAT-USD,online,False,2021-04-20,1977,120693.96,0.00001,1
BCH-USD,online,False,2018-06-24,3008,3532584.11,0.01,1
BEAM-USD,online,False,2025-12-16,276,20511.4,0.000001,1
BERA-USD,online,False,2025-02-06,589,172664.39,0.00001,1
BICO-USD,online,False,2021-12-01,1752,848291.02,0.000001,1
BIGTIME-USD,online,False,2023-10-12,1072,28012.03,0.000001,1
BILL-USD,online,False,2026-05-04,137,624576.86,0.00001,1
BIO-USD,online,False,2025-07-31,414,51133.01,0.00001,1
BIRB-USD,online,False,2026-01-28,233,105437.08,0.00001,1
BLAST-USD,online,False,2024-06-26,814,31167.15,0.00000001,1
BLEND-USD,online,False,2026-04-24,147,11413.79,0.0001,1
BLUECHIP-USD,online,False,2026-09-16,2,388026.83,0.00001,1
BLUR-USD,online,False,2023-02-14,1312,15111.64,0.000001,1
BLZ-USD,online,False,2021-12-09,1744,65487.01,0.00001,1
BNB-USD,online,False,2025-10-22,331,2828196.68,0.01,1
BNKR-USD,online,False,2025-07-30,415,341133.69,0.0000001,1
BNT-USD,online,False,2020-12-15,2103,8266.37,0.0001,1
BOBA-USD,online,False,2022-06-30,1541,14447.28,0.0001,1
BOBBOB-USD,online,False,2025-11-21,301,90252.29,0.00001,1
BONK-USD,online,False,2023-12-14,1009,1467076.17,0.00000001,1
BREV-USD,online,False,2026-01-06,255,8030.45,0.0001,1
BTC-USD,online,False,2015-07-20,4078,500486155.89,0.01,1
BTRST-USD,online,False,2021-09-15,1829,25721.67,0.00001,1
C98-USD,online,False,2022-06-07,1564,8613.86,0.000001,1
CAKE-USD,online,False,2025-06-12,463,189169.36,0.001,1
CAP-USD,online,False,2026-06-26,84,268555.77,0.00001,1
CBETH-USD,online,False,2022-08-25,1485,404466.23,0.01,1
CELR-USD,online,False,2022-08-16,1494,17400.41,0.0000001,1
CFG-USD,online,False,2025-09-25,358,386981.86,0.0001,1
CGLD-USD,online,False,2020-09-01,2208,43973.08,0.0001,1
CHECK-USD,online,False,2026-04-02,169,8999.15,0.00001,1
CHIP-USD,online,False,2026-04-21,150,970201.9,0.00001,1
CHZ-USD,online,False,2021-06-17,1919,46446.28,0.000001,1
CLANKER-USD,online,False,2025-04-23,513,140943.57,0.01,1
COMP-USD,online,False,2020-06-23,2278,158347.18,0.01,1
COOKIE-USD,online,False,2025-03-11,556,105285.81,0.000001,1
CORECHAIN-USD,online,False,2024-06-21,819,71277.18,0.000001,1
COSMOSDYDX-USD,online,False,2025-08-07,407,9773.3,0.0001,1
COTI-USD,online,False,2021-08-26,1849,736239.56,0.000001,1
COW-USD,online,False,2024-09-24,724,98734.27,0.0001,1
CP-USD,online,False,2026-09-02,16,721924.22,0.00001,1
CRO-USD,online,False,2021-11-03,1780,826975.4,0.00001,1
CRV-USD,online,False,2021-03-25,2003,2056562.37,0.0001,1
CTR-USD,online,False,2026-05-26,115,115238.36,0.000001,1
CTSI-USD,online,False,2021-05-06,1961,38156.62,0.000001,1
CTX-USD,online,False,2022-01-25,1697,29591.45,0.0001,5
CVC-USD,online,False,2021-11-03,1780,18179.29,0.000001,1
CVX-USD,online,False,2022-09-08,1471,391251.44,0.001,1
DAI-USD,delisted,True,2025-11-23,299,,0.0001,1
DASH-USD,online,False,2019-09-17,2558,2848337.94,0.01,1
DBR-USD,online,False,2025-10-29,324,30195.34,0.00001,1
DEEP-USD,online,False,2026-02-11,219,80610.67,0.00001,1
DEGEN-USD,online,False,2024-10-15,703,57611.88,0.000001,1
DEXT-USD,online,False,2022-06-23,1548,4523.69,0.00001,1
DIA-USD,online,False,2022-01-25,1697,91264.15,0.00001,1
DIEM-USD,online,False,2026-04-22,149,16423.92,0.01,1
DIMO-USD,online,False,2023-04-18,1249,22655.04,0.00001,1
DNT-USD,online,False,2021-11-03,1780,16343.23,0.000001,1
DOGE-USD,online,False,2021-06-03,1933,17736128.46,0.00001,1
DOGINME-USD,online,False,2025-04-01,535,70658.21,0.00000001,1
DOLO-USD,online,False,2025-09-11,372,10454.78,0.00001,1
DOOD-USD,online,False,2026-02-05,225,68424.21,0.000001,1
DOT-USD,online,False,2021-06-16,1920,4182740.71,0.0001,1
DRB-USD,online,False,2026-08-24,25,212950.07,0.0000001,1
DRIFT-USD,online,False,2024-05-17,854,113887.41,0.00001,1
DRV-USD,online,False,2026-05-28,113,721033.42,0.00001,1
EDGE-USD,online,False,2025-04-02,534,100986.73,0.00001,1
EDGEX-USD,online,False,2026-03-31,171,71388.6,0.0001,1
EGLD-USD,online,False,2022-12-07,1381,176191.12,0.0001,1
EIGEN-USD,online,False,2024-10-01,717,305238.43,0.00001,1
ELA-USD,online,False,2022-06-22,1549,20893.54,0.001,1
ELSA-USD,online,False,2026-01-20,241,27367.34,0.00001,1
ENA-USD,online,False,2025-06-05,470,4944724.66,0.00001,1
ENS-USD,online,False,2021-11-16,1767,237382.12,0.001,1
EOS-USD,delisted,True,2025-11-23,299,,0.0001,1
ERA-USD,online,False,2025-07-17,428,20130.44,0.0001,1
ESP-USD,online,False,2026-02-13,217,66776.52,0.00001,1
ETC-USD,online,False,2018-08-08,2963,1056267.22,0.001,1
ETH-USD,online,False,2016-05-18,3775,259218601.67,0.01,1
ETHFI-USD,online,False,2025-02-06,589,481768.36,0.001,1
EUL-USD,online,False,2025-08-06,408,108070.5,0.001,1
FAI-USD,online,False,2025-03-27,540,67817.49,0.0000001,1
FARM-USD,online,False,2021-07-29,1877,38685.13,0.001,1
FARTCOIN-USD,online,False,2025-06-12,463,3287550.9,0.00001,1
FET-USD,online,False,2021-07-27,1879,2874885.02,0.00001,1
FIDA-USD,online,False,2022-02-01,1690,24370.34,0.000001,1
FIGHT-USD,online,False,2026-01-22,239,29119.96,0.00001,1
FIL-USD,online,False,2020-12-09,2109,2188771.69,0.0001,1
FLOCK-USD,online,False,2025-09-09,374,575038.19,0.000001,1
FLOKI-USD,online,False,2024-11-21,666,153486.8,0.00000001,1
FLOW-USD,online,False,2022-05-19,1583,31506.8,0.00001,1
FLR-USD,online,False,2023-04-14,1253,621654.93,0.000001,1
FLUID-USD,online,False,2025-11-25,297,25848.38,0.001,1
FORT-USD,online,False,2022-06-15,1556,13760.95,0.000001,1
FORTH-USD,online,False,2021-04-21,1976,82071.66,0.00001,1
FOX-USD,online,False,2021-12-07,1746,10525.82,0.00001,1
FUN1-USD,online,False,2026-01-15,246,18381.44,0.00001,1
G-USD,online,False,2024-08-13,766,13600.12,0.000001,1
GEOD-USD,online,False,2026-06-23,87,128019.06,0.0001,1
GFI-USD,online,False,2022-01-11,1711,29397.35,0.0001,1
GHST-USD,online,False,2022-12-06,1382,67709.28,0.0001,1
GIGA-USD,online,False,2024-12-11,646,323509.8,0.0000001,1
GLM-USD,online,False,2022-03-09,1654,51284.78,0.0001,1
GMT-USD,online,False,2022-04-28,1604,20247.78,0.000001,1
GNO-USD,online,False,2022-07-21,1520,9618.71,0.01,1
GODS-USD,online,False,2021-12-09,1744,32925.53,0.00001,1
GRASS-USD,online,False,2026-08-26,23,83416.9,0.0001,1
GROVE-USD,online,False,2026-07-06,74,87266.2,0.00001,1
GRT-USD,online,False,2020-12-17,2101,355908.91,0.000001,1
GRVT-USD,online,False,2026-07-30,50,331516.73,0.0001,1
GST-USD,online,False,2022-04-28,1604,52156.18,0.000001,1
GTC-USD,online,False,2021-06-10,1926,13268.57,0.0001,1
GWEI-USD,online,False,2026-02-24,206,170180.55,0.000001,1
HBAR-USD,online,False,2022-10-13,1436,4299601.77,0.00001,1
HFT-USD,online,False,2022-11-07,1411,188782.17,0.00001,1
HIGH-USD,online,False,2022-03-08,1655,130936.84,0.00001,1
HNT-USD,online,False,2023-07-12,1164,926041.43,0.0001,1
HOME-USD,online,False,2025-06-10,465,200837.17,0.00001,1
HONEY-USD,online,False,2025-11-23,299,79695.5,0.000001,1
HOPR-USD,online,False,2022-06-22,1549,16645.05,0.000001,1
HYPE-USD,online,False,2026-02-05,225,44447764.98,0.01,1
HYPER-USD,online,False,2025-12-10,282,7575.02,0.0001,1
ICNT-USD,online,False,2026-03-25,177,41714.89,0.0001,1
ICP-USD,online,False,2021-05-10,1957,2562429.72,0.0001,1
ILV-USD,online,False,2022-10-13,1436,78094.77,0.0001,1
IMU-USD,online,False,2026-01-22,239,68667.04,0.000001,1
IMX-USD,online,False,2021-12-09,1744,186420.34,0.00001,1
INDEX-USD,online,False,2022-06-09,1562,9958.59,0.0001,1
INJ-USD,online,False,2022-09-20,1459,2495318.43,0.001,1
INV-USD,online,False,2022-01-13,1709,7747.31,0.01,1
INX-USD,online,False,2026-01-30,231,45028.91,0.000001,1
IO-USD,online,False,2024-10-09,709,266286.2,0.00001,1
IOTX-USD,online,False,2021-08-12,1863,46229.6,0.00001,1
IP-USD,online,False,2025-02-13,582,207726.87,0.00001,1
IRYS-USD,online,False,2025-11-25,297,35790.09,0.00001,1
JASMY-USD,online,False,2021-10-07,1807,903674.89,0.00001,1
JITOSOL-USD,online,False,2025-07-24,421,74220.01,0.01,1
JTO-USD,online,False,2023-12-07,1016,866471.99,0.0001,1
JUPITER-USD,online,False,2025-12-09,283,628602.47,0.0001,1
KAIO-USD,online,False,2026-05-06,135,24645.11,0.000001,1
KAITO-USD,online,False,2025-02-20,575,171770.9,0.0001,1
KARRAT-USD,online,False,2024-04-22,879,35504.34,0.00001,1
KAT-USD,online,False,2026-03-18,184,62829.72,0.000001,1
KAVA-USD,online,False,2023-01-19,1338,28499.57,0.0001,1
KERNEL-USD,online,False,2025-04-14,522,24976.24,0.000001,1
KEYCAT-USD,online,False,2025-04-01,535,135459.61,0.000001,1
KITE-USD,online,False,2025-11-03,319,109428.33,0.00001,1
KMNO-USD,online,False,2025-09-11,372,64078.46,0.00001,1
KNC-USD,online,False,2020-02-25,2397,20132.76,0.0001,1
KRL-USD,online,False,2021-11-02,1781,2815.85,0.0001,1
KSM-USD,online,False,2022-06-02,1569,54979.5,0.0001,1
KTA-USD,online,False,2025-10-22,331,295088.7,0.0001,1
L3-USD,online,False,2025-03-27,540,45725.28,0.00001,1
LA-USD,online,False,2025-06-04,471,169348.76,0.00001,1
LAYER-USD,online,False,2025-09-11,372,30341.89,0.00001,1
LCX-USD,online,False,2021-11-02,1781,97612.39,0.0001,1
LDO-USD,online,False,2022-11-17,1401,373935.55,0.00001,1
LIGHTER-USD,online,False,2026-01-15,246,5795190.01,0.001,1
LINEA-USD,online,False,2025-10-09,344,37370.94,0.0000001,1
LINK-USD,online,False,2019-06-27,2640,19511223.17,0.001,1
LMTS-USD,online,False,2026-03-06,196,18440.26,0.00001,1
LPT-USD,online,False,2021-06-24,1912,54087.27,0.0001,1
LQTY-USD,online,False,2022-01-13,1709,13287.77,0.0001,1
LRDS-USD,online,False,2024-07-24,786,22587.51,0.000001,1
LSETH-USD,online,False,2025-11-23,299,31716.35,0.01,1
LTC-USD,online,False,2016-08-17,3684,6854488.69,0.001,1
MAGIC-USD,online,False,2022-12-08,1380,33400.8,0.00001,1
MAMO-USD,online,False,2025-08-06,408,72000.6,0.000001,1
MANA-USD,online,False,2021-04-20,1977,68552.33,0.0001,1
MANTLE-USD,online,False,2025-05-01,505,370907.84,0.0001,1
MASK-USD,online,False,2021-07-15,1891,155607.02,0.00001,1
MATH-USD,online,False,2022-06-22,1549,23322.17,0.0001,1
MDT-USD,online,False,2021-12-09,1744,302731.5,0.00001,1
ME-USD,online,False,2024-12-10,647,62097.97,0.00001,1
MEGA-USD,online,False,2026-04-30,141,295120.21,0.00001,1
MET-USD,online,False,2025-10-23,330,195846.03,0.0001,1
META-USD,online,False,2026-05-28,113,19163.32,0.001,1
METIS-USD,online,False,2022-06-28,1543,46811.73,0.0001,1
MEZO-USD,online,False,2026-04-01,170,51519.13,0.000001,1
MINA-USD,online,False,2022-04-06,1626,141870.4,0.0001,1
MKR-USD,delisted,True,2025-11-23,299,,0.01,1
MLN-USD,online,False,2021-06-10,1926,28038.68,0.0001,1
MNDE-USD,online,False,2022-11-03,1415,10970.85,0.00001,1
MOG-USD,online,False,2024-12-05,652,53501.3,0.00000001,1
MON-USD,online,False,2025-11-24,298,1998971.42,0.000001,1
MOODENG-USD,online,False,2024-12-04,653,182734.96,0.000001,1
MORPHO-USD,online,False,2025-02-27,568,1407448.64,0.0001,1
MPLX-USD,online,False,2025-07-24,421,18503.45,0.00001,1
MSOL-USD,online,False,2022-11-03,1415,5948.05,0.01,1
NCT-USD,online,False,2022-01-13,1709,92988.15,0.00001,1
NEAR-USD,online,False,2022-09-01,1478,13831329.28,0.0001,1
NEON-USD,online,False,2024-04-30,871,14554.13,0.00001,1
NEWT-USD,online,False,2025-06-24,451,25259.91,0.0001,1
NEX-USD,online,False,2026-05-20,121,36852.03,0.00000001,1
NKN-USD,online,False,2021-04-09,1988,89073.05,0.000001,1
NMR-USD,online,False,2020-08-18,2222,79674.48,0.01,1
NOICE-USD,online,False,2025-10-09,344,39379.84,0.00000001,1
NOM-USD,online,False,2025-11-13,309,160205.27,0.0000001,1
O-USD,online,False,2026-06-17,93,214780.18,0.00001,1
OCEAN-USD,online,False,2022-09-08,1471,16281.8,0.0001,1
OGN-USD,online,False,2021-04-09,1988,12596.82,0.00001,1
ONDO-USD,online,False,2024-01-22,970,6188215.32,0.00001,1
OP-USD,online,False,2022-06-01,1570,1196405.55,0.00001,1
OPG-USD,online,False,2026-04-21,150,74397.55,0.00001,1
OPN-USD,online,False,2026-03-05,197,12066.16,0.0001,1
ORCA-USD,online,False,2022-02-01,1690,307932.72,0.0001,1
OSMO-USD,online,False,2023-05-25,1212,20468.29,0.000001,1
OXT-USD,online,False,2019-12-16,2468,99082.67,0.00001,1
PAX-USD,online,False,2023-06-04,1202,344.55,0.0001,1
PAXG-USD,online,False,2025-05-08,498,1462640.4,0.01,1
PENDLE-USD,online,False,2025-03-27,540,1299494.24,0.0001,1
PENGU-USD,online,False,2025-02-13,582,3282674.19,0.000001,1
PEPE-USD,online,False,2024-11-13,674,2185185.89,0.00000001,1
PERP-USD,online,False,2021-10-19,1795,37416.87,0.0001,1
PLU-USD,online,False,2025-11-23,299,15133.15,0.00001,1
PLUME-USD,online,False,2025-12-10,282,281565.6,0.00001,1
PNG-USD,online,False,2022-10-06,1443,28301.03,0.00001,1
PNUT-USD,online,False,2025-01-14,612,70275.59,0.00001,1
POL-USD,online,False,2024-09-04,744,1155931.57,0.00001,1
POLS-USD,online,False,2021-12-07,1746,14290.08,0.0001,1
POND-USD,online,False,2022-06-16,1555,30550.93,0.0000001,1
POPCAT-USD,online,False,2025-02-13,582,191537.78,0.00001,1
POWR-USD,online,False,2021-11-16,1767,39410.54,0.0001,1
PRCL-USD,online,False,2024-12-17,640,43381.67,0.000001,1
PRIME-USD,online,False,2023-03-01,1297,45494.85,0.00001,1
PRL-USD,online,False,2026-03-25,177,113904.95,0.00001,1
PRO-USD,online,False,2022-01-13,1709,58027.94,0.0001,1
PROMPT-USD,online,False,2025-04-10,526,60818.22,0.00001,1
PROS-USD,online,False,2026-04-28,143,75601.55,0.0001,1
PROVE-USD,online,False,2025-08-05,409,99153.1,0.0001,1
PUMP-USD,online,False,2025-07-15,430,12081164.41,0.000001,1
PUNDIX-USD,online,False,2022-09-20,1459,28081.64,0.0001,1
PYR-USD,online,False,2022-11-29,1389,142037.94,0.00001,1
PYTH-USD,online,False,2025-02-20,575,505063.69,0.00001,1
QI-USD,online,False,2022-11-23,1395,30673.92,0.000001,1
QNT-USD,online,False,2021-06-24,1912,440587.06,0.01,1
RAD-USD,online,False,2021-09-01,1843,6048.14,0.001,1
RARE-USD,online,False,2022-08-02,1508,78637.13,0.000001,1
RARI-USD,online,False,2021-10-14,1800,12443.46,0.0001,1
RAVE-USD,online,False,2026-02-11,219,513242.09,0.0001,1
RAY-USD,online,False,2026-01-14,247,107313.04,0.0001,1
RE-USD,online,False,2026-06-18,92,253263.72,0.0001,1
RECALL-USD,online,False,2025-10-15,338,52136.71,0.000001,1
RED-USD,online,False,2025-03-12,555,164226.83,0.0001,1
RENDER-USD,online,False,2024-02-15,946,1456233.2,0.0001,1
REQ-USD,online,False,2021-08-12,1863,9404.67,0.0001,1
REZ-USD,online,False,2025-03-06,561,189427.47,0.0000001,1
RLC-USD,online,False,2021-05-06,1961,13930.11,0.0001,1
RLS-USD,online,False,2025-12-01,291,75284.45,0.0000001,1
RNBW-USD,online,False,2026-02-05,225,12561.38,0.00001,1
RNDR-USD,delisted,True,,0,,0.0001,1
ROBO-USD,online,False,2026-02-27,203,179483.0,0.00001,1
ROSE-USD,online,False,2022-04-26,1606,111250.05,0.000001,1
RPL-USD,online,False,2022-12-08,1380,33543.12,0.0001,1
RSC-USD,online,False,2025-07-31,414,25102.6,0.00001,1
RSR-USD,online,False,2025-04-22,514,104466.34,0.000001,1
S-USD,online,False,2025-06-24,451,163329.08,0.00001,1
SAFE-USD,online,False,2024-04-23,878,100587.15,0.00001,1
SAND-USD,online,False,2022-05-26,1576,131896.39,0.0001,1
SAPIEN-USD,online,False,2025-08-20,394,93060.35,0.00001,1
SD-USD,online,False,2024-07-30,780,43808.52,0.0001,1
SEI-USD,online,False,2023-08-15,1130,897879.03,0.00001,1
SENT-USD,online,False,2026-01-22,239,64804.5,0.00001,1
SHDW-USD,online,False,2024-04-10,891,8460.45,0.00001,1
SHIB-USD,online,False,2021-09-09,1835,688093.42,0.00000001,1
SHPING-USD,online,False,2022-01-20,1702,17085.74,0.000001,1
SIGN-USD,online,False,2026-04-21,150,43934.94,0.000001,1
SKL-USD,online,False,2021-03-11,2017,122315.11,0.000001,1
SKR-USD,online,False,2026-01-21,240,882563.42,0.000001,1
SKY-USD,online,False,2025-07-10,435,366114.64,0.00001,1
SNX-USD,online,False,2020-12-15,2103,97363.53,0.00001,1
SOL-USD,online,False,2021-06-17,1919,100178885.3,0.01,1
SPA-USD,online,False,2023-05-03,1234,28645.79,0.000001,1
SPELL-USD,online,False,2021-12-07,1746,58888.63,0.0000001,1
SPK-USD,online,False,2025-06-17,458,272592.48,0.00001,1
SPX-USD,online,False,2025-09-09,374,966944.91,0.0001,1
SQD-USD,online,False,2025-06-12,463,170490.45,0.000001,1
STG-USD,online,False,2024-07-10,800,41469.98,0.0001,1
STORJ-USD,online,False,2021-03-25,2003,191576.86,0.00001,1
STRK-USD,online,False,2024-02-21,940,495345.52,0.00001,1
STX-USD,online,False,2022-01-20,1702,1033968.82,0.0001,1
SUI-USD,online,False,2023-05-18,1219,15987647.7,0.0001,1
SUKU-USD,online,False,2021-11-02,1781,12692.16,0.000001,1
SUP-USD,online,False,2025-11-18,304,26243.21,0.000001,1
SUPER-USD,online,False,2021-12-07,1746,224443.94,0.00001,1
SUSHI-USD,online,False,2021-03-11,2017,153598.28,0.0001,1
SWELL-USD,online,False,2024-11-07,680,63144.68,0.0000001,1
SWFTC-USD,online,False,2022-07-21,1520,59663.95,0.000001,1
SXT-USD,online,False,2025-05-08,498,112716.85,0.000001,1
SYND-USD,online,False,2025-10-09,344,23010.14,0.000001,1
SYRUP-USD,online,False,2025-03-13,554,809296.43,0.0001,1
T-USD,online,False,2023-01-26,1331,28072.47,0.0000001,1
TAO-USD,online,False,2025-02-20,575,8341215.59,0.01,1
THQ-USD,online,False,2025-12-16,276,17395.87,0.00001,1
TIA-USD,online,False,2023-11-01,1052,971003.85,0.0001,1
TNSR-USD,online,False,2024-04-08,893,37268.87,0.00001,1
TON-USD,online,False,2025-11-18,304,652521.91,0.0001,1
TOSHI-USD,online,False,2025-01-23,603,332559.97,0.00000001,1
TOWNS-USD,online,False,2025-08-05,409,130482.16,0.0000001,1
TRAC-USD,online,False,2021-11-02,1781,434136.51,0.0001,1
TRB-USD,online,False,2021-05-06,1961,158544.26,0.01,1
TREE-USD,online,False,2025-07-29,416,77354.88,0.00001,1
TRIA-USD,online,False,2026-02-03,227,279398.64,0.000001,1
TROLL-USD,online,False,2025-09-25,358,395722.02,0.00001,1
TRUMP-USD,online,False,2025-01-21,605,4670949.71,0.0001,1
TRUST-USD,online,False,2025-11-05,317,73161.56,0.00001,1
TURBO-USD,online,False,2024-12-11,646,103462.8,0.0000001,1
UMA-USD,online,False,2020-09-08,2201,28498.0,0.00001,1
UNI-USD,online,False,2020-09-17,2192,14441905.89,0.0001,1
UP-USD,online,False,2026-02-10,220,44748.53,0.00001,1
USD1-USD,online,False,2025-08-21,393,123510.43,0.0001,1
USDS-USD,online,False,2025-07-10,435,57065.6,0.0001,1
USDT-USD,online,False,2021-05-04,1963,56260135.03,0.00001,1
USELESS-USD,online,False,2025-08-20,394,8137437.79,0.00001,1
VARA-USD,online,False,2023-09-20,1094,29059.18,0.0000001,1
VELO-USD,online,False,2024-02-06,955,161346.66,0.00001,1
VET-USD,online,False,2023-09-13,1101,751018.36,0.000001,1
VIRTUAL-USD,online,False,2026-04-29,142,338559.57,0.0001,1
VOXEL-USD,online,False,2023-02-09,1317,54690.4,0.000001,1
VTHO-USD,online,False,2023-09-13,1101,58424.03,0.00000001,1
VVV-USD,online,False,2025-01-28,598,6405103.62,0.0001,1
W-USD,online,False,2025-07-02,443,92081.79,0.000001,1
WAL-USD,online,False,2026-02-11,219,36613.56,0.00001,1
WAXL-USD,online,False,2022-10-25,1424,3127.28,0.0001,1
WCT-USD,online,False,2025-08-14,400,9350.04,0.0001,1
WELL-USD,online,False,2024-09-25,723,56309.26,0.000001,1
WET-USD,online,False,2025-12-09,283,11103.97,0.0001,1
WIF-USD,online,False,2024-11-13,674,1133751.36,0.00001,1
WLD-USD,online,False,2025-04-30,506,2101226.74,0.0001,1
WLFI-USD,online,False,2025-09-01,382,562517.26,0.00001,1
WMTX-USD,online,False,2025-11-25,297,17423.81,0.000001,1
WRON-USD,online,False,2026-05-18,123,6067.0,0.00001,1
XAN-USD,online,False,2025-09-29,354,276138.41,0.00001,1
XCN-USD,online,False,2022-06-28,1543,649595.73,0.000001,1
XLM-USD,online,False,2019-03-14,2745,10919014.31,0.000001,1
XPL-USD,online,False,2025-12-02,290,1309934.75,0.00001,1
XRP-USD,online,False,2023-07-13,1163,137301295.62,0.0001,1
XTZ-USD,online,False,2019-08-06,2600,157897.33,0.0001,1
XYO-USD,online,False,2021-09-09,1835,69338.07,0.00001,1
YB-USD,online,False,2025-10-15,338,43255.69,0.0001,1
YFI-USD,online,False,2020-09-15,2194,104068.4,0.01,1
ZAMA-USD,online,False,2026-02-02,228,174477.51,0.00001,1
ZEC-USD,online,False,2020-12-08,2110,109871560.71,0.01,1
ZEN-USD,online,False,2025-01-26,600,444390.05,0.001,1
ZETA-USD,online,False,2024-02-01,960,18540.21,0.000001,1
ZETACHAIN-USD,online,False,2024-09-23,725,2901.07,0.0001,1
ZK-USD,online,False,2024-09-25,723,182317.93,0.000001,1
ZKC-USD,online,False,2025-09-15,368,54322.42,0.0001,1
ZKP-USD,online,False,2025-12-19,273,45626.68,0.00001,1
ZORA-USD,online,False,2025-04-24,512,920906.62,0.000001,1
ZRO-USD,online,False,2024-06-20,820,712932.39,0.0001,1
ZRX-USD,online,False,2018-10-12,2898,118757.2,0.000001,1
